season_id,season_label,anime_title,is_rerun,kind,index,song_title,artist,youtube_url,youtube_views,youtube_channel,anime_youtube_url,anime_youtube_views,anime_youtube_channel,last_searched_at
5947,2026秋アニメ,アイカツ！ アンコール放送,False,OP,1,Signalize!,わか・ふうり・すなお・りすこ from STAR☆ANIS,,,,,,,
5947,2026秋アニメ,アイカツ！ アンコール放送,False,OP,2,ダイヤモンドハッピー,わか・ふうり・すなお from STAR☆ANIS,,,,,,,
5947,2026秋アニメ,アイカツ！ アンコール放送,False,ED,1,カレンダーガール,わか・ふうり・すなお from STAR☆ANIS,,,,,,,
5947,2026秋アニメ,アイカツ！ アンコール放送,False,ED,2,ヒラリ/ヒトリ/キラリ,わか・ふうり・すなお・れみ・もえ・えり・ゆな・りすこ from STAR☆ANIS,,,,,,,
5947,2026秋アニメ,アオアシ Season2,False,OP,1,Fortress Defense,10-FEET,https://www.youtube.com/watch?v=9xlZceuxdOg,147102,ShoProアニメチャンネル,https://www.youtube.com/watch?v=9xlZceuxdOg,147102,ShoProアニメチャンネル,2026-10-06T09:00:31
5947,2026秋アニメ,アオアシ Season2,False,ED,1,トライアングル,ヒグチアイ,https://www.youtube.com/watch?v=lH7j2J7eSgQ,21949,ShoProアニメチャンネル,https://www.youtube.com/watch?v=lH7j2J7eSgQ,21949,ShoProアニメチャンネル,2026-10-06T09:00:39
5947,2026秋アニメ,蒼き伝承 ウェルシュ＆シェダー,False,OP,1,僕らの未来へ,影山ヒロノブ＆奥井雅美,,,,,,,
5947,2026秋アニメ,蒼き伝承 ウェルシュ＆シェダー,False,ED,1,オムレツ,影山ヒロノブ,,,,,,,
5947,2026秋アニメ,アオのハコ Season2,False,OP,1,あなたの花の色,aiko,,,,,,,
5947,2026秋アニメ,アオのハコ Season2,False,ED,1,blue in,エルスウェア紀行,https://www.youtube.com/watch?v=8B3d4x0m7n4,56736,TMSアニメ公式チャンネル,https://www.youtube.com/watch?v=8B3d4x0m7n4,56736,TMSアニメ公式チャンネル,2026-10-05T09:00:56
5947,2026秋アニメ,うまゆる ふるげ～と！,False,主題歌,1,芝生えるわ～,スペシャルウィーク（CV.和氣あず未）、ウイニングチケット（CV.渡部優衣）、サクラチヨノオー（CV.野口瑠璃子）、ヴィルシーナ（CV.奥野香耶）、サムソンビッグ（CV.根本京里）、ロイスアンドロイス（CV.田辺留依）、ウインバリアシオン（CV.月城日花）、ファレノプシス（CV.浅見春那）,https://www.youtube.com/watch?v=rUHYbwZDVVI,312734,ぱかチューブっ!【ウマ娘公式】,https://www.youtube.com/watch?v=rUHYbwZDVVI,312734,ぱかチューブっ!【ウマ娘公式】,2026-10-08T09:00:34
5947,2026秋アニメ,FX戦士くるみちゃん,False,OP,1,FX戦士くるみちゃん,福賀くるみ（CV：鈴木愛奈）,https://www.youtube.com/watch?v=OiQo6YyJ_pM,875609,KADOKAWAanime,https://www.youtube.com/watch?v=7rxIZ3z0S4s,1914216,KADOKAWAanime,2026-10-07T09:00:38
5947,2026秋アニメ,FX戦士くるみちゃん,False,ED,1,$・¥・€ （ドル・エン・ユーロ）,福賀くるみ（CV：鈴木愛奈）,https://www.youtube.com/watch?v=OiQo6YyJ_pM,754993,KADOKAWAanime,https://www.youtube.com/watch?v=OiQo6YyJ_pM,754993,KADOKAWAanime,2026-10-05T09:01:05
5947,2026秋アニメ,おじさんはカワイイものがお好き。,False,OP,1,LIKE³,八木勇征,,,,,,,
5947,2026秋アニメ,おじさんはカワイイものがお好き。,False,ED,1,尊い♡界隈,前田佳織里,,,,,,,
5947,2026秋アニメ,カードファイト!! ヴァンガード Divinez 運命星戦編,False,主題歌,1,Escape,Kis-My-Ft2,https://www.youtube.com/watch?v=uaub3iRXnEk,1214557,Kis-My-Ft2,https://www.youtube.com/watch?v=GrGLgc6XKjs,632993,ヴァンガードチャンネル【アニメ「Divinez 幻真星戦編」配信中!!】,2026-10-03T09:01:29
5947,2026秋アニメ,貸した魔力は【リボ払い】で強制徴収,False,OP,1,リスクレート,BUDDiiS,https://www.youtube.com/watch?v=R5veWbUAM-I,5114,tv asahi  animation YouTubeチャンネル,https://www.youtube.com/watch?v=R5veWbUAM-I,5114,tv asahi  animation YouTubeチャンネル,2026-10-04T09:01:22
5947,2026秋アニメ,貸した魔力は【リボ払い】で強制徴収,False,ED,1,いれもの,こたに,https://www.youtube.com/watch?v=gYZJcSSnAVY,3019,tv asahi  animation YouTubeチャンネル,https://www.youtube.com/watch?v=gYZJcSSnAVY,3019,tv asahi  animation YouTubeチャンネル,2026-10-04T09:01:31
5947,2026秋アニメ,彼方から,False,OP,1,逃光行,原因は自分にある。,https://www.youtube.com/watch?v=TKY-lAGnP50,85318,原因は自分にある。Official,,,,2026-10-08T09:01:13
5947,2026秋アニメ,彼方から,False,ED,1,光の側で,名無し之太郎,https://www.youtube.com/watch?v=AHM2wnrCJPI,19315,NBCUniversal Anime/Music,https://www.youtube.com/watch?v=AHM2wnrCJPI,19315,NBCUniversal Anime/Music,2026-10-06T09:01:19
5947,2026秋アニメ,彼女の友達,False,OP,1,ギンギラ,Airots,,,,,,,
5947,2026秋アニメ,彼女の友達,False,ED,1,False Love,Ceui,https://www.youtube.com/watch?v=By3eIjul98c,2655,デレギュラ【新アニメレーベル】,https://www.youtube.com/watch?v=By3eIjul98c,2655,デレギュラ【新アニメレーベル】,2026-10-05T09:01:43
5947,2026秋アニメ,仮面ライダーマイス,False,主題歌,1,One Shot,THE RAMPAGE,https://www.youtube.com/watch?v=7nmvfmUiWEE,2079921,THE RAMPAGE from EXILE TRIBE,https://www.youtube.com/watch?v=7nmvfmUiWEE,2079921,THE RAMPAGE from EXILE TRIBE,2026-10-07T09:01:12
5947,2026秋アニメ,帰還者の魔法は特別です 第2期,False,OP,1,Sorrow,FLOW,https://www.youtube.com/watch?v=YD_2CLazNbQ,298861,アニプレックス チャンネル,https://www.youtube.com/watch?v=YD_2CLazNbQ,298861,アニプレックス チャンネル,2026-10-10T09:01:00
5947,2026秋アニメ,帰還者の魔法は特別です 第2期,False,ED,1,Everlasting,krage,,,,,,,
5947,2026秋アニメ,傷だらけ聖女より報復をこめて Season2,False,OP,1,華麗なるリベンジャー,Juice=Juice,https://www.youtube.com/watch?v=y8dxEBdlISk,93031,Juice=Juice,https://www.youtube.com/watch?v=y8dxEBdlISk,93031,Juice=Juice,2026-10-04T09:02:21
5947,2026秋アニメ,傷だらけ聖女より報復をこめて Season2,False,ED,1,凪の底,月追う彼方,,,,,,,
5947,2026秋アニメ,恐怖コレクター,False,OP,1,カゲボウシ,スガシカオ,,,,,,,
5947,2026秋アニメ,凶乱令嬢ニア・リストン 病弱令嬢に転生した神殺しの武人の華麗なる無双録,False,OP,1,リスポーン!!,角巻わため,https://www.youtube.com/watch?v=-FXID0KhCm0,102846,MBS animation 公式チャンネル,https://www.youtube.com/watch?v=-FXID0KhCm0,102846,MBS animation 公式チャンネル,2026-10-07T09:01:46
5947,2026秋アニメ,薬屋のひとりごと 第3期,False,OP,1,雲を抜け風下へ私だけ,ヨルシカ,https://www.youtube.com/watch?v=9rProUQlD-I,2605197,TOHO animation,https://www.youtube.com/watch?v=lBsQCQDbgOE,825411,TOHO animation,2026-10-03T09:02:58
5947,2026秋アニメ,薬屋のひとりごと 第3期,False,ED,1,AIYOU,Eve,https://www.youtube.com/watch?v=YvNvvUeCztE,3970652,TOHO animation,https://www.youtube.com/watch?v=kswDfgziS9I,912036,TOHO animation,2026-10-07T09:01:56
5947,2026秋アニメ,ゲルぴよ（続編）,False,OP,1,あっとUMA,SILENT SIREN,,,,,,,
5947,2026秋アニメ,ゲルぴよ（続編）,False,ED,1,頑張ってるって最高じゃん！,NEVER END ROLL,,,,,,,
5947,2026秋アニメ,ケロロ軍曹☆,False,OP,1,キライのちスキ！,ano（あの）,https://www.youtube.com/watch?v=y0URm3qCTpc,1703107,ano official channel,https://www.youtube.com/watch?v=hQugEpGS1Eg,313543,【公式】ケロロチャンネル,2026-10-07T09:02:11
5947,2026秋アニメ,ケロロ軍曹☆,False,ED,1,秘密のパノラマ,PURPLE BUBBLE,,,,,,,
5947,2026秋アニメ,幻想水滸伝,False,OP,1,悲しみさえ大人びて,amazarashi,https://www.youtube.com/watch?v=ZpClwSAbjgA,835367,amazarashi Official YouTube Channel,https://www.youtube.com/watch?v=gupmw0_6Bu4,191716,KONAMI公式,2026-10-03T09:03:17
5947,2026秋アニメ,幻想水滸伝,False,ED,1,closed eye sun (feat. たかはしほのか),Koji Nakamura,https://www.youtube.com/watch?v=2mkPF8PO4GY,12269,NBCUniversal Anime/Music,https://www.youtube.com/watch?v=2mkPF8PO4GY,12269,NBCUniversal Anime/Music,2026-10-05T09:02:41
5947,2026秋アニメ,ごーすと・みーつ・ぎゃる！,False,主題歌,1,にこいちミライ,夢限大みゅーたいぷ,https://www.youtube.com/watch?v=CcAE0TcmOjQ,30821,ヴァンガードチャンネル【アニメ「Divinez 幻真星戦編」配信中!!】,https://www.youtube.com/watch?v=CcAE0TcmOjQ,30821,ヴァンガードチャンネル【アニメ「Divinez 幻真星戦編」配信中!!】,2026-10-07T09:02:25
5947,2026秋アニメ,氷の城壁 第2期,False,OP,1,エスコート,THE BEAT GARDEN,https://www.youtube.com/watch?v=nMp5XQo-_Zg,41279,TBSアニメ,https://www.youtube.com/watch?v=nMp5XQo-_Zg,41279,TBSアニメ,2026-10-09T09:01:41
5947,2026秋アニメ,氷の城壁 第2期,False,ED,1,花蔭,Superfly,https://www.youtube.com/watch?v=m6IBZor25nM,194530,TBSアニメ,https://www.youtube.com/watch?v=m6IBZor25nM,194530,TBSアニメ,2026-10-09T09:01:51
5947,2026秋アニメ,PSYREN -サイレン-,False,OP,1,WARNING!!,CLAN QUEEN,https://www.youtube.com/watch?v=Uitds6Ysj08,1,Zuax anime and music,https://www.youtube.com/watch?v=Uitds6Ysj08,1,Zuax anime and music,2026-10-05T09:02:58
5947,2026秋アニメ,PSYREN -サイレン-,False,ED,1,ICARUS,Who-ya Extended,https://www.youtube.com/watch?v=-3NP_k2Aozk,17,OPEDAnimeHub,https://www.youtube.com/watch?v=-3NP_k2Aozk,17,OPEDAnimeHub,2026-10-07T09:02:39
5947,2026秋アニメ,佐々木とピーちゃん Season2,False,OP,1,Unbroken,MADKID,https://www.youtube.com/watch?v=rPaWkpG1wAs,55629,KADOKAWAanime,https://www.youtube.com/watch?v=rPaWkpG1wAs,55629,KADOKAWAanime,2026-10-09T09:02:00
5947,2026秋アニメ,佐々木とピーちゃん Season2,False,ED,1,すきぴのおかげ！,のんふぃく！,https://www.youtube.com/watch?v=AOucy5dZOpE,2105920,のんふぃく！【Non¬Fiction】,,,,2026-10-03T09:03:53
5947,2026秋アニメ,塩対応の佐藤さんが俺にだけ甘い,False,OP,1,シュガーソルト,オーイシマサヨシ,https://www.youtube.com/watch?v=u-gAxKpkZDI,39522,SHOCHIKU anime Channel,https://www.youtube.com/watch?v=u-gAxKpkZDI,39522,SHOCHIKU anime Channel,2026-10-07T09:02:49
5947,2026秋アニメ,塩対応の佐藤さんが俺にだけ甘い,False,ED,1,初恋リプライ,HoneyWorks feat.星川サラ,,,,,,,
5947,2026秋アニメ,朱色の仮面,False,OP,1,Firestarter,MAN WITH A MISSION,,,,,,,
5947,2026秋アニメ,朱色の仮面,False,ED,1,声,yutori,,,,,,,
5947,2026秋アニメ,獣王武神ダンデヴァイン,False,OP,1,残響≠ブラスター,西川貴教,https://www.youtube.com/watch?v=a8fgR7YAUj4,310019,GOOD SMILE CHANNEL,https://www.youtube.com/watch?v=a8fgR7YAUj4,310019,GOOD SMILE CHANNEL,2026-10-09T09:02:25
5947,2026秋アニメ,獣王武神ダンデヴァイン,False,ED,1,ミカンセイオーディナリー,DayRe:,,,,,,,
5947,2026秋アニメ,信者ゼロの女神サマと始める異世界攻略,False,OP,1,未来の足跡,310,,,,,,,
5947,2026秋アニメ,信者ゼロの女神サマと始める異世界攻略,False,ED,1,Fall in Dream,Suupeas,https://www.youtube.com/watch?v=O_vYVXH9m3E,471,Suupeas,,,,2026-10-09T09:02:55
5947,2026秋アニメ,新テニスの王子様 U-17 WORLD CUP 決勝メンバー決定戦,False,OP,1,Walls And Bridges,青酢（越前リョーマ、⼿塚国光、⼤⽯秀⼀郎、不⼆周助）,,,,,,,
5947,2026秋アニメ,新テニスの王子様 U-17 WORLD CUP 決勝メンバー決定戦,False,ED,1,金環蝕 phenomenal,跡部景吾＆忍足侑士,https://www.youtube.com/watch?v=LWyBuyVCwvo,829180,アニメ 新テニスの王子様 オフィシャルチャンネル,https://www.youtube.com/watch?v=QgHPhOESiDc,75541,アニメ 新テニスの王子様 オフィシャルチャンネル,2026-10-03T09:04:45
5947,2026秋アニメ,生徒会にも穴はある！,False,OP,1,風の中は走るっきゃないっ！,三月のパンタシア,,,,,,,
5947,2026秋アニメ,生徒会にも穴はある！,False,ED,1,ぴ,ナナヲアカリ,,,,,,,
5947,2026秋アニメ,世界最強の魔女、始めました,False,OP,1,影響力∞アイドル,HoneyWorks feat.ハコニワリリィ,https://www.youtube.com/watch?v=kX0ZBPvZc-4,20033,ぽにきゃん-Anime PONY CANYON,https://www.youtube.com/watch?v=kX0ZBPvZc-4,20033,ぽにきゃん-Anime PONY CANYON,2026-10-08T09:02:54
5947,2026秋アニメ,世界最強の魔女、始めました,False,ED,1,星を巡る,ロクデナシ,,,,,,,
5947,2026秋アニメ,#ゾンビさがしてます,False,OP,1,ラキラキ,すりぃ,https://www.youtube.com/watch?v=zhK-ugQnTgA,18568,KADOKAWAanime,https://www.youtube.com/watch?v=zhK-ugQnTgA,18568,KADOKAWAanime,2026-10-04T09:04:24
5947,2026秋アニメ,#ゾンビさがしてます,False,ED,1,ソフトアポカリプス,cadode,,,,,,,
5947,2026秋アニメ,ダークサモナーとデキている,False,OP,1,絶対完成♡既成事実,恋汐りんご,,,,,,,
5947,2026秋アニメ,ダークサモナーとデキている,False,ED,1,AKUMA♰No?☆ヒメ♡ゴト,小宮真央,,,,,,,
5947,2026秋アニメ,DARK MACHINE THE ANIMATION,False,OP,1,存在理由 改,BUCK∞TICK,,,,,,,
5947,2026秋アニメ,DARK MACHINE THE ANIMATION,False,ED,1,Galaxy Mode,三代目 J SOUL BROTHERS,,,,,,,
5947,2026秋アニメ,ダイヤのA actⅡ -Second Season- 第2クール,False,OP,1,Let's Go Crazy,Baby Canta,,,,,,,
5947,2026秋アニメ,ダイヤのA actⅡ -Second Season- 第2クール,False,OP,2,NEVER SAY NEVER AGAIN,GLAY,,,,,,,
5947,2026秋アニメ,ダイヤのA actⅡ -Second Season- 第2クール,False,ED,1,NUMBER,SUPER★DRAGON,,,,,,,
5947,2026秋アニメ,ダイヤのA actⅡ -Second Season- 第2クール,False,ED,2,ROAD TO BE BLUE,OxT,https://www.youtube.com/watch?v=6G3ftpd4itQ,25634,OxT - Topic,,,,2026-10-03T09:06:02
5947,2026秋アニメ,TANK CHAIR-戦車椅子-,False,OP,1,DALALA,SiM,https://www.youtube.com/watch?v=qIta0TjyTy8,74971,Bandai Namco Filmworks Channel,https://www.youtube.com/watch?v=qIta0TjyTy8,74971,Bandai Namco Filmworks Channel,2026-10-07T09:04:22
5947,2026秋アニメ,TANK CHAIR-戦車椅子-,False,ED,1,SYNC,Daoko,https://www.youtube.com/watch?v=IrHhljLwzXw,9359,Bandai Namco Filmworks Channel,https://www.youtube.com/watch?v=IrHhljLwzXw,9359,Bandai Namco Filmworks Channel,2026-10-03T09:06:08
5947,2026秋アニメ,探偵はもう、死んでいる。Season2,False,OP,1,この心臓に花束を,心梅,https://www.youtube.com/watch?v=0C9t6lrFM_o,51040,KADOKAWAanime,https://www.youtube.com/watch?v=0C9t6lrFM_o,51040,KADOKAWAanime,2026-10-08T09:03:43
5947,2026秋アニメ,探偵はもう、死んでいる。Season2,False,ED,1,白昼夢,カグラナナ,https://www.youtube.com/watch?v=WAjXT8Q109U,2588507,カグラナナchannel／ななかぐら,,,,2026-10-03T09:06:36
5947,2026秋アニメ,千歳くんはラムネ瓶のなか 第2クール,False,OP,1,ライアー,Kucci,https://www.youtube.com/watch?v=pjGmDIrNgHw,767715,KADOKAWAanime,https://www.youtube.com/watch?v=pjGmDIrNgHw,767715,KADOKAWAanime,2026-10-03T09:06:46
5947,2026秋アニメ,千歳くんはラムネ瓶のなか 第2クール,False,OP,2,サイダーガール,サイダーガール,https://www.youtube.com/watch?v=pjGmDIrNgHw,773770,KADOKAWAanime,https://www.youtube.com/watch?v=pjGmDIrNgHw,773770,KADOKAWAanime,2026-10-07T09:04:41
5947,2026秋アニメ,千歳くんはラムネ瓶のなか 第2クール,False,ED,1,陽炎,サイダーガール,https://www.youtube.com/watch?v=ca7_nIyte3I,431264,KADOKAWAanime,https://www.youtube.com/watch?v=ca7_nIyte3I,431264,KADOKAWAanime,2026-10-03T09:06:55
5947,2026秋アニメ,千歳くんはラムネ瓶のなか 第2クール,False,ED,2,どこにもいけないまま,aruma,,,,,,,
5947,2026秋アニメ,追放されたチート付与魔術師は気ままなセカンドライフを謳歌する。,False,OP,1,エンバートーチ,sumika,,,,,,,
5947,2026秋アニメ,てつりょー！meet with 鉄道むすめ,False,OP,1,GO! GO! RAILWAY!!,亜咲花,https://www.youtube.com/watch?v=YOZAtTfugI8,10838,ぽにきゃん-Anime PONY CANYON,https://www.youtube.com/watch?v=YOZAtTfugI8,10838,ぽにきゃん-Anime PONY CANYON,2026-10-09T09:04:18
5947,2026秋アニメ,てつりょー！meet with 鉄道むすめ,False,ED,1,わたし未来線,てつりょー会（橘めい・庄子真央・福嶋晴菜・月城日花）,,,,,,,
5947,2026秋アニメ,テムパル～アイテムの力～,False,OP,1,SATISFY,Re:name,https://www.youtube.com/watch?v=bMtoYP135bc,27930,ぽにきゃん-Anime PONY CANYON,https://www.youtube.com/watch?v=bMtoYP135bc,27930,ぽにきゃん-Anime PONY CANYON,2026-10-10T09:03:17
5947,2026秋アニメ,テムパル～アイテムの力～,False,ED,1,Ray of Emotion,導凰,https://www.youtube.com/watch?v=m_w460cA1ko,14611,ぽにきゃん-Anime PONY CANYON,https://www.youtube.com/watch?v=m_w460cA1ko,14611,ぽにきゃん-Anime PONY CANYON,2026-10-10T09:03:25
5947,2026秋アニメ,デモンズ・クレスト,False,OP,1,シンカ,Ado,,,,,,,
5947,2026秋アニメ,デモンズ・クレスト,False,ED,1,ReaL,Soala,https://www.youtube.com/watch?v=OF0FVdN5kpE,5205,Warner Bros. Japan Anime,https://www.youtube.com/watch?v=OF0FVdN5kpE,5205,Warner Bros. Japan Anime,2026-10-06T09:05:07
5947,2026秋アニメ,Duel Masters LOST ～断罪の少年～,False,OP,1,あやかしあやし,伊東歌詞太郎,https://www.youtube.com/watch?v=dYHTC2QyGTs,51786,デュエチューブ-DM公式-,https://www.youtube.com/watch?v=-UqbEqhoheE,50074,デュエチューブ-DM公式-,2026-10-03T09:07:54
5947,2026秋アニメ,Duel Masters LOST ～断罪の少年～,False,ED,1,朔日 feat. 吉乃,月詠み,https://www.youtube.com/watch?v=Q0kzBhf_Aow,219044,デュエチューブ-DM公式-,https://www.youtube.com/watch?v=Q0kzBhf_Aow,219044,デュエチューブ-DM公式-,2026-10-03T09:08:02
5947,2026秋アニメ,転生貴族、鑑定スキルで成り上がる 第3期,False,OP,1,Still Water,佐々木李子,https://www.youtube.com/watch?v=-LQfgkvHY8k,48794,isekai channel @バンダイナムコフィルムワークス,https://www.youtube.com/watch?v=-LQfgkvHY8k,48794,isekai channel @バンダイナムコフィルムワークス,2026-10-04T09:06:02
5947,2026秋アニメ,転生貴族、鑑定スキルで成り上がる 第3期,False,ED,1,日々を越えて,明くる夜の羊,https://www.youtube.com/watch?v=dm5j2SRc-h0,197939,isekai channel @バンダイナムコフィルムワークス,https://www.youtube.com/watch?v=dm5j2SRc-h0,197939,isekai channel @バンダイナムコフィルムワークス,2026-10-07T09:05:43
5947,2026秋アニメ,転生ゴブリンだけど質問ある？,False,OP,1,ハロー,Sou,,,,,,,
5947,2026秋アニメ,転生ゴブリンだけど質問ある？,False,ED,1,小さな僕ら,エイハブ,,,,,,,
5947,2026秋アニメ,転生した大聖女は、聖女であることをひた隠す,False,OP,1,Flare of Soul,花耶,https://www.youtube.com/watch?v=Zh22JniyJy4,4393,Kaya Official YouTube Channel ,https://www.youtube.com/watch?v=lP8RbpwGUO8,8293,博報堂DY ミュージック&ピクチャーズ【Showgate】ch,2026-10-04T09:06:24
5947,2026秋アニメ,転生した大聖女は、聖女であることをひた隠す,False,ED,1,STELLAR,ウタヒメドリーム オールスターズ,https://www.youtube.com/watch?v=dg3GH3OraiY,542414,ウタヒメドリーム公式,https://www.youtube.com/watch?v=0DB6yBqmOJk,32979,博報堂DY ミュージック&ピクチャーズ【Showgate】ch,2026-10-10T09:03:57
5947,2026秋アニメ,転生したら剣でしたII,False,OP,1,DREAM OF BUTTERFLY,FZMZ,https://www.youtube.com/watch?v=4FCUWOqNwCc,18627,NBCUniversal Anime/Music,https://www.youtube.com/watch?v=4FCUWOqNwCc,18627,NBCUniversal Anime/Music,2026-10-08T09:05:01
5947,2026秋アニメ,転生したら剣でしたII,False,ED,1,バリバリBuddy,花冷え。,https://www.youtube.com/watch?v=SYbP5PxHZvM,11012,NBCUniversal Anime/Music,https://www.youtube.com/watch?v=SYbP5PxHZvM,11012,NBCUniversal Anime/Music,2026-10-08T09:05:10
5947,2026秋アニメ,とある暗部の少女共棲,False,OP,1,Ghost Sequence,East Of Eden,,,,,,,
5947,2026秋アニメ,とある暗部の少女共棲,False,ED,1,原子崩し(メルトダウナー),岸田教団&THE明星ロケッツ,,,,,,,
5947,2026秋アニメ,東京リベンジャーズ 三天戦争編,False,OP,1,IGNITE,JO1,https://www.youtube.com/watch?v=aKs9Tod3mro,1636977,"TV anime ""Tokyo Revengers""",https://www.youtube.com/watch?v=aKs9Tod3mro,1636977,"TV anime ""Tokyo Revengers""",2026-10-07T09:06:33
5947,2026秋アニメ,東京リベンジャーズ 三天戦争編,False,ED,1,トリックスター,go!go!vanillas,https://www.youtube.com/watch?v=KKxnWfww-24,194119,"TV anime ""Tokyo Revengers""",https://www.youtube.com/watch?v=KKxnWfww-24,194119,"TV anime ""Tokyo Revengers""",2026-10-07T09:06:42
5947,2026秋アニメ,桃源暗鬼 ～日光・華厳の滝編～,False,OP,1,BACKLASH,Hiromitsu Kitayama,https://www.youtube.com/watch?v=ZmCOHpUBXo0,476878,『桃源暗鬼』プロジェクト公式チャンネル,https://www.youtube.com/watch?v=yI3PSYmU8ig,1289695,『桃源暗鬼』プロジェクト公式チャンネル,2026-10-03T09:09:10
5947,2026秋アニメ,桃源暗鬼 ～日光・華厳の滝編～,False,ED,1,手と手,TRACK15,https://www.youtube.com/watch?v=ZmCOHpUBXo0,476878,『桃源暗鬼』プロジェクト公式チャンネル,,,,2026-10-03T09:09:27
5947,2026秋アニメ,どうも、好きな人に惚れ薬を依頼された魔女です。,False,OP,1,かなわない、,センチミリメンタル,https://www.youtube.com/watch?v=7bgXfpD2NgI,28576,KADOKAWAanime,https://www.youtube.com/watch?v=7bgXfpD2NgI,28576,KADOKAWAanime,2026-10-06T09:05:57
5947,2026秋アニメ,どうも、好きな人に惚れ薬を依頼された魔女です。,False,ED,1,まだ嘘にならない,レイニ,https://www.youtube.com/watch?v=6HQrPW-cHcY,15935,KADOKAWAanime,https://www.youtube.com/watch?v=6HQrPW-cHcY,15935,KADOKAWAanime,2026-10-06T09:06:06
5947,2026秋アニメ,ドラゴンボール超 ビルス,False,OP,1,オノガミ,メガテラ・ゼロ,https://www.youtube.com/watch?v=iyKK-RTzf1o,31767,hyou - Anime on Piano,https://www.youtube.com/watch?v=iyKK-RTzf1o,31767,hyou - Anime on Piano,2026-10-03T09:09:48
5947,2026秋アニメ,ドラゴンボール超 ビルス,False,ED,1,完璧のペキ,ビッケブランカ,,,,,,,
5947,2026秋アニメ,dreamland,False,OP,1,movin'on,Faulieu.,,,,,,,
5947,2026秋アニメ,dreamland,False,ED,1,dream catcher,冨岡愛,,,,,,,
5947,2026秋アニメ,ねずみくんのチョッキ 2期,False,主題歌,1,グッドラック！マイフレンド feat.ムロツヨシ & さかなクン,東京スカパラダイスオーケストラ,,,,,,,
5947,2026秋アニメ,バーテックスフォース,False,OP,1,シンクロブルー,ClariS,https://www.youtube.com/watch?v=pGD0RhKZk4I,304405,アニプレックス チャンネル,https://www.youtube.com/watch?v=pGD0RhKZk4I,304405,アニプレックス チャンネル,2026-10-03T09:10:24
5947,2026秋アニメ,バーテックスフォース,False,ED,1,エメラルド,はしメロ,,,,,,,
5947,2026秋アニメ,Battle Spirits [Re] 絶界の空,False,OP,1,Here we are！,JAM Project,https://www.youtube.com/watch?v=cXd4pKTx2pI,105107,BattleSpirits,,,,2026-10-09T09:06:05
5947,2026秋アニメ,Battle Spirits [Re] 絶界の空,False,ED,1,パルス,秘めごと,https://www.youtube.com/watch?v=cXd4pKTx2pI,105107,BattleSpirits,,,,2026-10-09T09:06:20
5947,2026秋アニメ,パンどろぼう,False,OP,1,パンどろぼうのうた,パンどろぼうとパンやのおじさん（CV：朝井彩加とCV：諏訪部順一）,https://www.youtube.com/watch?v=Z2fmYtMNi-o,281584,パンどろぼう / PANDOROBO【公式】,https://www.youtube.com/watch?v=jz7Jqz6SYzk,44037,パンどろぼう / PANDOROBO【公式】,2026-10-04T09:07:44
5947,2026秋アニメ,パンどろぼう,False,ED,1,Pang Pang Pang,きゃりーぱみゅぱみゅ,https://www.youtube.com/watch?v=Z2fmYtMNi-o,281584,パンどろぼう / PANDOROBO【公式】,https://www.youtube.com/watch?v=oUDFr8Ktaxs,135608,パンどろぼう / PANDOROBO【公式】,2026-10-04T09:07:53
5947,2026秋アニメ,人付き合いが苦手な未亡人の雪女さんと呪いの指輪,False,主題歌,1,シュークリーム,鈴音ひとみ,,,,,,,
5947,2026秋アニメ,冰剣の魔術師が世界を統べるⅡ,False,OP,1,Diamond Dust,Sizuk,https://www.youtube.com/watch?v=-ODi7T8akHI,5278875,Sizuk / Shunryu,,,,2026-10-03T09:10:49
5947,2026秋アニメ,冰剣の魔術師が世界を統べるⅡ,False,ED,1,COMPRESSION :[,内田真礼,https://www.youtube.com/watch?v=gwGH2aP93Ho,999112,内田真礼（UCHIDA MAAYA）Official Channel,,,,2026-10-03T09:11:04
5947,2026秋アニメ,ブラッククローバー 2nd Season,False,OP,1,消えない理由,WANIMA,https://www.youtube.com/watch?v=1BWy13nlY1A,11081,Anime Trailer アニメ,https://www.youtube.com/watch?v=1BWy13nlY1A,11081,Anime Trailer アニメ,2026-10-03T09:11:13
5947,2026秋アニメ,ブラッククローバー 2nd Season,False,ED,1,Yellow Brick Road,ONE OR EIGHT,https://www.youtube.com/watch?v=umzOm3846cA,113007,テレ東アニメ,https://www.youtube.com/watch?v=umzOm3846cA,113007,テレ東アニメ,2026-10-04T09:08:06
5947,2026秋アニメ,BEYBLADE X ベイキングダム編,False,OP,1,Fearless,&TEAM,https://www.youtube.com/watch?v=HvcYTLw9HiE,56915,ベイチューブ | BEYBLADE Channel,https://www.youtube.com/watch?v=HvcYTLw9HiE,56915,ベイチューブ | BEYBLADE Channel,2026-10-03T09:11:29
5947,2026秋アニメ,BEYBLADE X ベイキングダム編,False,ED,1,SPIN,BAND-MAID,https://www.youtube.com/watch?v=HvcYTLw9HiE,56907,ベイチューブ | BEYBLADE Channel,https://www.youtube.com/watch?v=OOsNusJNFlM,18057,ベイチューブ | BEYBLADE Channel,2026-10-03T09:11:38
5947,2026秋アニメ,僕らが選んだベストアドベンチャー,False,OP,1,SHAKARIKI!!,宮﨑歩・谷本貴義,https://www.youtube.com/watch?v=uqIOdbe7rtI,284752,Digimon Official Channel,https://www.youtube.com/watch?v=uqIOdbe7rtI,284752,Digimon Official Channel,2026-10-05T09:07:06
5947,2026秋アニメ,僕らが選んだベストアドベンチャー,False,ED,1,Limitless Dreams,宮﨑歩・谷本貴義,https://www.youtube.com/watch?v=irjWjYsfVk0,79492,Digimon Official Channel,https://www.youtube.com/watch?v=irjWjYsfVk0,79492,Digimon Official Channel,2026-10-05T09:07:09
5947,2026秋アニメ,ホタルの嫁入り,False,ED,1,夢心地,TOOBOE,https://www.youtube.com/watch?v=TE3McAbD7DA,827599,john / TOOBOE,,,,2026-10-04T09:08:29
5947,2026秋アニメ,ホテル・インヒューマンズ 第2期,False,OP,1,螺旋,GAN（岩田剛典）,https://www.youtube.com/watch?v=3MFyyGVajvA,4136,テレ東アニメ,https://www.youtube.com/watch?v=3MFyyGVajvA,4136,テレ東アニメ,2026-10-05T09:07:16
5947,2026秋アニメ,ホテル・インヒューマンズ 第2期,False,ED,1,スイートピー,ファントムシータ,https://www.youtube.com/watch?v=BUxVzKyGrsw,5833,テレ東アニメ,https://www.youtube.com/watch?v=BUxVzKyGrsw,5833,テレ東アニメ,2026-10-05T09:07:25
5947,2026秋アニメ,マウスカーソルで現実を操作できるようになったので、女の子をいっぱいクリックしまーす,False,主題歌,1,MOUSE DRIVE,Maware Isogavva,,,,,,,
5947,2026秋アニメ,マジカル★エクスプローラー,False,OP,1,Remedy,ASCA,https://www.youtube.com/watch?v=VmotQGt_17A,44419,ASCA Official YouTube Channel,,,,2026-10-10T09:04:58
5947,2026秋アニメ,マジカル★エクスプローラー,False,ED,1,Double Wings,ASCA,https://www.youtube.com/watch?v=VmotQGt_17A,44419,ASCA Official YouTube Channel,,,,2026-10-10T09:05:12
5947,2026秋アニメ,魔法騎士レイアース,False,OP,1,乙女の剣,十明,,,,,,,
5947,2026秋アニメ,魔法騎士レイアース,False,ED,1,星灯,Kawaguchi Yurina,,,,,,,
5947,2026秋アニメ,魔法少女育成計画restart,False,OP,1,No tears here,茅原実里,https://www.youtube.com/watch?v=-PX7FqZ55tE,115737,TVアニメ「魔法少女育成計画restart」公式チャンネル,,,,2026-10-03T09:12:50
5947,2026秋アニメ,魔法少女育成計画restart,False,ED,1,ReMind,Daisy×Daisy,https://www.youtube.com/watch?v=iD1hmEvGQmM,112781,TVアニメ「魔法少女育成計画restart」公式チャンネル,,,,2026-10-03T09:13:05
5947,2026秋アニメ,魔法の姉妹ルルットリリィ 第2クール,False,OP,1,Bubee,ILLIT,https://www.youtube.com/watch?v=sNIntrw0m-g,338219,Bandai Namco Filmworks Channel,https://www.youtube.com/watch?v=sNIntrw0m-g,338219,Bandai Namco Filmworks Channel,2026-10-07T09:07:59
5947,2026秋アニメ,魔法の姉妹ルルットリリィ 第2クール,False,OP,2,Swingin' Magic,ILLIT,https://www.youtube.com/watch?v=sNIntrw0m-g,333264,Bandai Namco Filmworks Channel,https://www.youtube.com/watch?v=sNIntrw0m-g,333264,Bandai Namco Filmworks Channel,2026-10-03T09:13:14
5947,2026秋アニメ,魔法の姉妹ルルットリリィ 第2クール,False,ED,1,Calling,ルルットリリィ（こんぺとリリィ（CV.橘めい）、ましゅールル（CV.小鹿なお））,https://www.youtube.com/watch?v=sNIntrw0m-g,338219,Bandai Namco Filmworks Channel,https://www.youtube.com/watch?v=sNIntrw0m-g,338219,Bandai Namco Filmworks Channel,2026-10-07T09:08:08
5947,2026秋アニメ,魔法の姉妹ルルットリリィ 第2クール,False,ED,2,どりぃむアラモード,ルルットリリィ（こんぺとリリィ（CV.橘めい）、ましゅールル（CV.小鹿なお））,,,,,,,
5947,2026秋アニメ,マロニエ王国の七人の騎士,False,OP,1,さよならは言わない,yama,https://www.youtube.com/watch?v=HYm0nNqk9Aw,9616,NHK ENTERPRISES Animation,https://www.youtube.com/watch?v=HYm0nNqk9Aw,9616,NHK ENTERPRISES Animation,2026-10-04T09:09:22
5947,2026秋アニメ,マロニエ王国の七人の騎士,False,ED,1,マロニエの花が咲く頃に,藤澤慶昌,https://www.youtube.com/watch?v=DA3edQ0XL-8,9823,NHK ENTERPRISES Animation,https://www.youtube.com/watch?v=DA3edQ0XL-8,9823,NHK ENTERPRISES Animation,2026-10-10T09:05:32
5947,2026秋アニメ,目覚めたら最強装備と宇宙船持ちだったので、一戸建て目指して傭兵として自由に生きたい,False,OP,1,UNSTOPPABLE,FLOW,https://www.youtube.com/watch?v=VzCsxgQ_4_M,37838,アニプレックス チャンネル,https://www.youtube.com/watch?v=VzCsxgQ_4_M,37838,アニプレックス チャンネル,2026-10-05T09:08:06
5947,2026秋アニメ,目覚めたら最強装備と宇宙船持ちだったので、一戸建て目指して傭兵として自由に生きたい,False,ED,1,MY WAY,ASTERISM,https://www.youtube.com/watch?v=6GDMDhzPctA,20481,アニプレックス チャンネル,https://www.youtube.com/watch?v=6GDMDhzPctA,20481,アニプレックス チャンネル,2026-10-05T09:08:16
5947,2026秋アニメ,メダリスト,True,OP,1,BOW AND ARROW,米津玄師,,,,,,,
5947,2026秋アニメ,メダリスト,True,ED,1,アタシのドレス,ねぐせ。,,,,,,,
5947,2026秋アニメ,野生のラスボスが現れた！ 第2期,False,OP,1,Melodic Impact,Suspended 4th,https://www.youtube.com/watch?v=clLABf_c_wI,4207,NBCUniversal Anime/Music,https://www.youtube.com/watch?v=clLABf_c_wI,4207,NBCUniversal Anime/Music,2026-10-03T09:13:50
5947,2026秋アニメ,野生のラスボスが現れた！ 第2期,False,ED,1,揺れてスカート,ちゃくら,https://www.youtube.com/watch?v=5Mqx25wWWGc,3945,NBCUniversal Anime/Music,https://www.youtube.com/watch?v=5Mqx25wWWGc,3945,NBCUniversal Anime/Music,2026-10-03T09:13:59
5947,2026秋アニメ,ゆうさんち！from 遊ハち,False,主題歌,1,てててて,環琴葉とはーちゃん（ACS Anime records）,,,,,,,
5947,2026秋アニメ,ゆるゆる図鑑,False,主題歌,1,すばら進化！,SHY,https://www.youtube.com/watch?v=mOm7K-klguU,593,テレ東アニメKids,https://www.youtube.com/watch?v=mOm7K-klguU,593,テレ東アニメKids,2026-10-09T09:07:10
5947,2026秋アニメ,夜桜さんちの大作戦 第2期 第2クール,False,OP,1,"What's ""KAZOKU""",櫻坂46,https://www.youtube.com/watch?v=4SdeuouXcWI,1221145,櫻坂46 OFFICIAL YouTube CHANNEL,https://www.youtube.com/watch?v=AIspds2UVts,451055,NBCUniversal Anime/Music,2026-10-03T09:14:17
5947,2026秋アニメ,夜桜さんちの大作戦 第2期 第2クール,False,OP,2,フォーエバーソング,ハンブレッダーズ,,,,,,,
5947,2026秋アニメ,夜桜さんちの大作戦 第2期 第2クール,False,ED,1,Shalala,ピラフ星人,https://www.youtube.com/watch?v=Y3NFoDTvt6I,523453,ピラフ星人,https://www.youtube.com/watch?v=X6fNe1uPs9E,446544,NBCUniversal Anime/Music,2026-10-03T09:14:34
5947,2026秋アニメ,夜桜さんちの大作戦 第2期 第2クール,False,ED,2,I’m still breathing,KID PHENOMENON,,,,,,,
5947,2026秋アニメ,弱気MAX令嬢なのに、辣腕婚約者様の賭けに乗ってしまった,False,OP,1,強気MAX宣言,鈴木このみ,https://www.youtube.com/watch?v=w9A4aLB2XYQ,48374,KADOKAWAanime,https://www.youtube.com/watch?v=w9A4aLB2XYQ,48374,KADOKAWAanime,2026-10-10T09:06:02
5947,2026秋アニメ,弱気MAX令嬢なのに、辣腕婚約者様の賭けに乗ってしまった,False,ED,1,夜明けまでに,伊藤美来,https://www.youtube.com/watch?v=Pxi9I9R-td8,280662,KADOKAWA Official Channel,https://www.youtube.com/watch?v=Pxi9I9R-td8,280662,KADOKAWA Official Channel,2026-10-03T09:14:59
5947,2026秋アニメ,らんま1/2 第3期,False,OP,1,素直未満,ふみの,https://www.youtube.com/watch?v=hNiixLqIi64,70474,MAPPA CHANNEL,https://www.youtube.com/watch?v=hNiixLqIi64,70474,MAPPA CHANNEL,2026-10-04T09:10:15
5947,2026秋アニメ,らんま1/2 第3期,False,ED,1,かわいくない,『ユイカ』,https://www.youtube.com/watch?v=uUVjCC6So30,159571,MAPPA CHANNEL,https://www.youtube.com/watch?v=uUVjCC6So30,159571,MAPPA CHANNEL,2026-10-08T09:07:04
5947,2026秋アニメ,ロメリア戦記,False,OP,1,暁に鳴る,超学生,https://www.youtube.com/watch?v=k8G3_ZYNC-I,1025615,TVアニメ「ロメリア戦記」Official Channel,https://www.youtube.com/watch?v=_PIj78IgPmA,30703,TVアニメ「ロメリア戦記」Official Channel,2026-10-08T09:07:12
5947,2026秋アニメ,ロメリア戦記,False,ED,1,Nightfall feat. Maika Loubté,KOHTA YAMAMOTO,https://www.youtube.com/watch?v=PxXPcoo8uGM,1032680,TVアニメ「ロメリア戦記」Official Channel,,,,2026-10-08T09:07:27
5947,2026秋アニメ,わたしの幸せな結婚 特別篇,False,OP,1,幸せで涙が出るのは。,りりあ。,https://www.youtube.com/watch?v=5QD0vQjPnN8,3265917,りりあ。,,,,2026-10-06T09:08:32
5947,2026秋アニメ,わたしの幸せな結婚 特別篇,False,ED,1,プレリュードの手前に ～for me&you～,伊東歌詞太郎,,,,,,,
6212,2027冬アニメ,風を継ぐもの,False,OP,1,風を継ぐもの,くるり＋羊文学,https://www.youtube.com/watch?v=ECavMtVCB08,232215,アニプレックス チャンネル,https://www.youtube.com/watch?v=ECavMtVCB08,232215,アニプレックス チャンネル,2026-10-03T09:15:19
6212,2027冬アニメ,風を継ぐもの,False,ED,1,涙の河,羊文学＋くるり,,,,,,,
6212,2027冬アニメ,気になってる人が男じゃなかった,False,OP,1,Breed,Nirvana,https://www.youtube.com/watch?v=J6EDW5WFb2M,9067279,Nirvana,,,,2026-10-03T09:15:54
6212,2027冬アニメ,姫騎士様のヒモ,False,OP,1,TRUE-TABOO,MYTH & ROID,,,,,,,
6212,2027冬アニメ,姫騎士様のヒモ,False,ED,1,偽花,sajou no hana,,,,,,,
6212,2027冬アニメ,ふつつかな悪女ではございますが～雛宮蝶鼠とりかえ伝～ 第2クール,False,OP,1,Sunny,milet,,,,,,,
6212,2027冬アニメ,ふつつかな悪女ではございますが～雛宮蝶鼠とりかえ伝～ 第2クール,False,ED,1,ホウキボシ,ロクデナシ,,,,,,,
6212,2027冬アニメ,茉莉花官吏伝,False,OP,1,花噺,KANA-BOON,https://www.youtube.com/watch?v=7ja8PqzctBg,196635,KADOKAWAanime,https://www.youtube.com/watch?v=7ja8PqzctBg,196635,KADOKAWAanime,2026-10-03T09:16:17
-1759480,2026秋アニメ,どこよりも遠い場所にいる君へ,False,主題歌,1,オリーブ,とた,https://www.youtube.com/watch?v=hslV2YXiRg8,278269,とた,,,,2026-10-03T09:16:42
-1412075,2026秋アニメ,青春ブタ野郎はディアフレンドの夢を見ない,False,主題歌,1,水平線は僕の古傷 finale,,https://www.youtube.com/watch?v=ydmOU6gOi3k,424334,アニプレックス チャンネル,,,,2026-10-03T09:17:07
-1311266,2026秋アニメ,メイドインアビス 目覚める神秘,False,主題歌,1,Chain of theAbyss,Kevin Penkin feat. Mori Calliope,,,,,,,
-1523664,2026秋アニメ,劇場版 進撃の巨人 前編～紅蓮の弓矢～ SCREEN X & 4DX & ULTRA 4DX上映,False,主題歌,1,紅蓮の座標,Linked Horizon,,,,,,,
-1061490,2026秋アニメ,劇場版 前橋ウィッチーズ ～魔女見習いのエモエモリーズ～,False,主題歌,1,雨晴れMake up,前橋ウィッチーズ,https://www.youtube.com/watch?v=txDov2HH7xM,75923,TVアニメ『前橋ウィッチーズ』YouTube公式チャンネル,https://www.youtube.com/watch?v=txDov2HH7xM,75923,TVアニメ『前橋ウィッチーズ』YouTube公式チャンネル,2026-10-03T09:17:21
-1306965,2026秋アニメ,ヤマトよ永遠に REBEL3199 第七章 虹色の輪廻,False,ED,1,遥かへ、永遠へ,八神純子,,,,,,,
-1403538,2026秋アニメ,聲の形 再上映,True,ED,1,恋をしたのは,aiko,,,,,,,
-1080842,2026秋アニメ,GROTESQQQUE -グロテスク-,False,OP,1,Shoot Shoot Shoot,METALVERSE,,,,,,,
-1430160,2027冬アニメ,風を継ぐもの 劇場先行上映,False,OP,1,風を継ぐもの,くるり＋羊文学,https://www.youtube.com/watch?v=ECavMtVCB08,232219,アニプレックス チャンネル,https://www.youtube.com/watch?v=ECavMtVCB08,232219,アニプレックス チャンネル,2026-10-03T09:17:31
-1430160,2027冬アニメ,風を継ぐもの 劇場先行上映,False,ED,1,涙の河,羊文学＋くるり,,,,,,,
-1762212,2026秋アニメ,劇場版 遊☆戯☆王 THE DARK SIDE OF DIMENSIONS リバイバル上映,True,主題歌,1,TO BELIEVE IN SOMETHING,THE EDEN HOUSE,,,,,,,
-1564472,2026秋アニメ,魔法使いの夜,False,主題歌,1,夜と青,supercell,https://www.youtube.com/watch?v=k1jyM2kSBzA,5031880,アニプレックス チャンネル,https://www.youtube.com/watch?v=k1jyM2kSBzA,5031880,アニプレックス チャンネル,2026-10-10T09:07:10
-1815355,2026秋アニメ,文豪ストレイドッグス DEAD APPLE 再上映,True,OP,1,Deadly Drive,GRANRODEO,,,,,,,
-1815355,2026秋アニメ,文豪ストレイドッグス DEAD APPLE 再上映,True,ED,1,僕ら,ラックライフ,,,,,,,
-1639338,2026秋アニメ,さよなら銀河鉄道999 -アンドロメダ終着駅- リバイバル上映,True,主題歌,1,SAYONARA,メアリー・マッグレガー,,,,,,,
-1525511,2027冬アニメ,ghost／夜の果て,False,主題歌,1,Sugar,羊文学,,,,,,,
-1508617,2027冬アニメ,機動警察パトレイバー EZY File 3,False,OP,1,黎明Compass,Mori Calliope,https://www.youtube.com/watch?v=usdfDwEdp2Q,228874,Mori Calliope Ch. hololive,,,,2026-10-03T09:18:01
-1508617,2027冬アニメ,機動警察パトレイバー EZY File 3,False,ED,1,バトン,永井真理子,,,,,,,
-1749585,2026冬アニメ,迷宮のしおり,False,主題歌,1,"Sailor, Sail On",新しい学校のリーダーズ,https://www.youtube.com/watch?v=TAXzecJ5u_Q,649870,ATARASHII GAKKO! - 新しい学校のリーダーズ,,,,2026-10-03T09:18:33
-1493905,2026冬アニメ,ALL YOU NEED IS KILL,False,主題歌,1,連れてって,AKASAKI,https://www.youtube.com/watch?v=0KtJKzzovDM,1053582,AKASAKI,,,,2026-10-03T09:19:02
-1792998,2026冬アニメ,劇場版「進撃の巨人」完結編THE LAST ATTACK 復活上映,False,主題歌,1,二千年... 若しくは... 二万年後の君へ・・・,Linked Horizon,,,,,,,
-1684350,2026夏アニメ,超かぐや姫！,False,主題歌,1,Ex-Otogibanashi,月見ヤチヨ（CV：早見沙織）,,,,,,,
-1684350,2026夏アニメ,超かぐや姫！,False,ED,1,ray,かぐや（CV：夏吉ゆうこ） 月見ヤチヨ（CV：早見沙織）,,,,,,,
-1157516,2026冬アニメ,ガールズ＆パンツァー もっとらぶらぶ作戦です！ 第2幕,False,OP,1,Nonstop Daydream,ChouCho×佐咲紗花,https://www.youtube.com/watch?v=qlgp-Rdcd-s,80028,Lantis Channel,https://www.youtube.com/watch?v=qlgp-Rdcd-s,80028,Lantis Channel,2026-10-03T09:19:20
-1157516,2026冬アニメ,ガールズ＆パンツァー もっとらぶらぶ作戦です！ 第2幕,False,ED,1,おやすみなさいの続きです！,西住みほ（CV.渕上舞）,https://www.youtube.com/watch?v=2eC4puVHEBg,74388,Lantis Channel,https://www.youtube.com/watch?v=2eC4puVHEBg,74388,Lantis Channel,2026-10-03T09:19:28
-1152379,2026冬アニメ,クスノキの番人,False,主題歌,1,傍らにて月夜,Uru,https://www.youtube.com/watch?v=jaKESlyUmWI,3338879,Uru Official YouTube Channel,https://www.youtube.com/watch?v=IA7oGyre6w8,129295,アニプレックス チャンネル,2026-10-03T09:19:38
-1713184,2026春アニメ,機動戦士ガンダム 閃光のハサウェイ キルケーの魔女,False,OP,1,Snooze,SZA,https://www.youtube.com/watch?v=Sv5yCzPCkv8,362012689,SZA,,,,2026-10-03T09:19:57
-1713184,2026春アニメ,機動戦士ガンダム 閃光のハサウェイ キルケーの魔女,False,ED,1,スウィート・チャイルド・オブ・マイン,ガンズ・アンド・ローゼズ,,,,,,,
-1712976,2026冬アニメ,白蛇：浮生,False,主題歌,1,縁 -YUÁN-,Snow Man,https://www.youtube.com/watch?v=UUdNbCGLRnU,108567,映画『白蛇浮生』『ヨウゼン』『白蛇縁起』日本語吹替版公式,https://www.youtube.com/watch?v=UUdNbCGLRnU,108567,映画『白蛇浮生』『ヨウゼン』『白蛇縁起』日本語吹替版公式,2026-10-03T09:20:17
-1014323,2026春アニメ,銀河特急 ミルキー☆サブウェイ 各駅停車劇場行き,False,主題歌,1,銀河系まで飛んで行け！,キャンディーズ,,,,,,,
-1709601,2026冬アニメ,涼宮ハルヒの消失 リバイバル上映,True,OP,1,冒険でしょでしょ？,平野綾,,,,,,,
-1709601,2026冬アニメ,涼宮ハルヒの消失 リバイバル上映,True,主題歌,1,優しい忘却,茅原実里,,,,,,,
-1803689,2026冬アニメ,劇場版 僕の心のヤバイやつ,False,主題歌,1,茜,ヨルシカ,https://www.youtube.com/watch?v=VD_ztcqWBAY,4332258,ヨルシカ / n-buna Official,https://www.youtube.com/watch?v=A0tKGpKOU4Y,12561447,tv asahi  animation YouTubeチャンネル,2026-10-03T09:20:47
-1243274,2026冬アニメ,新劇場版 銀魂 -吉原大炎上-,False,主題歌,1,燦然,SUPER BEAVER,https://www.youtube.com/watch?v=O2nEirNPXPM,5151990,SUPER BEAVER official YouTube channel,,,,2026-10-03T09:21:16
-1879896,2026冬アニメ,ヤマトよ永遠に REBEL3199 第五章 白熱の銀河大戦,False,ED,1,Persona,緒方恵美,https://www.youtube.com/watch?v=3GQeTW0NGGg,44592,Bandai Namco Filmworks Channel,https://www.youtube.com/watch?v=3GQeTW0NGGg,44592,Bandai Namco Filmworks Channel,2026-10-03T09:21:20
-1705868,2026冬アニメ,映画ドラえもん 新・のび太の海底鬼岩城,False,主題歌,1,Honto,sumika,https://www.youtube.com/watch?v=5DfWkp7uQMs,6030017,sumika official,,,,2026-10-03T09:21:51
-1146781,2026冬アニメ,劇場版 転生したらスライムだった件 蒼海の涙編,False,主題歌,1,ユートピア,TRUE,https://www.youtube.com/watch?v=NDjfrXD5vX0,273700,TRUE Lantis Official Channel,,,,2026-10-03T09:22:14
-1798808,2026冬アニメ,アイカツ！ 10th STORY ～未来への STARWAY～ アンコール上映,True,OP,1,MY STARWAY,わか・ふうり・ゆな,,,,,,,
-1798808,2026冬アニメ,アイカツ！ 10th STORY ～未来への STARWAY～ アンコール上映,True,ED,1,氷の森,わか・ふうり・ゆな・れみ・えり・りすこ,,,,,,,
-1399494,2026冬アニメ,花緑青が明ける日に,False,主題歌,1,青葉,imase,https://www.youtube.com/watch?v=RJGAbR99VLQ,222587,imase,,,,2026-10-03T09:22:40
-1017497,2026冬アニメ,パリに咲くエトワール,False,主題歌,1,風に乗る,緑黄色社会,https://www.youtube.com/watch?v=D0k--RXcIT8,3755900,緑黄色社会,https://www.youtube.com/watch?v=i6rwtUU0xFk,523479,SHOCHIKU anime Channel,2026-10-03T09:22:49
-1024264,2026冬アニメ,映画ひみつのアイプリ まんかいバズリウムライブ！,False,主題歌,1,開花宣言！,超ときめき♡宣伝部,https://www.youtube.com/watch?v=LQCt6sl2PBA,223548,Cho Tokimeki♡Sendenbu Official（超ときめき♡宣伝部）,,,,2026-10-03T09:23:04
-1509410,2026冬アニメ,マクロスプラス MOVIE EDITION 4Kリマスター上映,True,ED,1,VOICES,新居昭乃,,,,,,,
-1241542,2026冬アニメ,劇場版「暗殺教室」みんなの時間,False,主題歌,1,Teacher,友成空,https://www.youtube.com/watch?v=BzxDNwP81Hc,1268092,友成空 (TOMONARI SORA),https://www.youtube.com/watch?v=WVfPAGo9cbk,793640,SHONEN JUMP CHANNEL OFFICIAL,2026-10-03T09:23:13
-1340617,2007冬アニメ,秒速5センチメートル 再上映,True,主題歌,1,"One more time, One more chance",山崎まさよし,,,,,,,
-1297972,2026秋アニメ,魔法の姉妹ルルットリリィ 先行上映,False,OP,1,Bubee,ILLIT,,,,,,,
-1297972,2026秋アニメ,魔法の姉妹ルルットリリィ 先行上映,False,OP,2,Swingin' Magic,ILLIT,,,,,,,
-1297972,2026秋アニメ,魔法の姉妹ルルットリリィ 先行上映,False,ED,1,Calling,ルルットリリィ（こんぺとリリィ（CV.橘めい）、ましゅールル（CV.小鹿なお））,,,,,,,
-1297972,2026秋アニメ,魔法の姉妹ルルットリリィ 先行上映,False,ED,2,どりぃむアラモード,ルルットリリィ（こんぺとリリィ（CV.橘めい）、ましゅールル（CV.小鹿なお））,,,,,,,
-1352668,2026冬アニメ,映画 えんとつ町のプペル ～約束の時計台～,False,主題歌,1,えんとつ町のプペル,ロザリーナ,,,,,,,
-1272592,2026冬アニメ,映画 きかんしゃトーマス いっしょに歌おう！ドレミファ♪ソドー島,False,主題歌,1,みんなでひとつになる！,木村佳乃,,,,,,,
-1150423,2026春アニメ,左ききのエレン 1週間限定先行上映,False,OP,1,FUNKIN’ BEAUTIFUL feat. ZORN,ALI,,,,,,,
-1150423,2026春アニメ,左ききのエレン 1週間限定先行上映,False,ED,1,New Walk,紫 今,https://www.youtube.com/watch?v=9wmo7Wya5b4,334807,ギャガ公式チャンネル,,,,2026-10-03T09:24:05
-1265245,2026春アニメ,名探偵コナン ハイウェイの堕天使,False,主題歌,1,ラストダンスあなたと,MISIA,https://www.youtube.com/watch?v=m4UuJWVt4Zc,7410759,MISIA,https://www.youtube.com/watch?v=B8FkXJWLE9g,522850,TMSアニメ公式チャンネル,2026-10-03T09:24:26
-1282317,2026夏アニメ,最終楽章 響け！ユーフォニアム 前編,False,主題歌,1,ToCoda,TRUE,https://www.youtube.com/watch?v=XhkqTdupSKs,419886,KyoaniChannel,https://www.youtube.com/watch?v=1ns78jyf0fw,1540046,KyoaniChannel,2026-10-03T09:24:40
-1450038,2026春アニメ,劇場版 魔法科高校の劣等生 四葉継承編,False,主題歌,1,YES,LiSA,,,,,,,
-1852993,2026春アニメ,鉄コン筋クリート リバイバル上映,True,主題歌,1,或る街の群青,ASIAN KUNG-FU GENERATION,,,,,,,
-1749637,2027冬アニメ,機動警察パトレイバー EZY File 1,False,OP,1,黎明Compass,Mori Calliope,https://www.youtube.com/watch?v=usdfDwEdp2Q,228874,Mori Calliope Ch. hololive,,,,2026-10-03T09:24:55
-1749637,2027冬アニメ,機動警察パトレイバー EZY File 1,False,ED,1,バトン,永井真理子,,,,,,,
-1651013,2023冬アニメ,機動戦士ガンダム 閃光のハサウェイ 特別上映,False,主題歌,1,閃光,Alexandros,,,,,,,
-1021559,2026春アニメ,劇場版総集編メイドインアビス【前編】旅立ちの夜明け リバイバル上映,True,主題歌,1,Forever Lost,MYTH & ROID,,,,,,,
-1466019,2026春アニメ,機動戦士ガンダム 閃光のハサウェイ キルケーの魔女 特別上映,False,OP,1,Snooze,SZA,,,,,,,
-1466019,2026春アニメ,機動戦士ガンダム 閃光のハサウェイ キルケーの魔女 特別上映,False,ED,1,スウィート・チャイルド・オブ・マイン,ガンズ・アンド・ローゼズ,,,,,,,
-1016368,2026春アニメ,劇場版モノノ怪 第三章 蛇神（へびがみ）,False,主題歌,1,No Epilogue,アイナ・ジ・エンド,,,,,,,
-1067877,2026春アニメ,劇場版総集編メイドインアビス【後編】放浪する黄昏 リバイバル上映,True,主題歌,1,Forever Lost,MYTH & ROID,,,,,,,
-1076035,2026春アニメ,劇場版 少女☆歌劇 レヴュースタァライト リバイバル上映,True,主題歌,1,私たちはもう舞台の上,スタァライト九九組,,,,,,,
-1878510,2026春アニメ,臨時増発 ミルキー☆サブウェイ 各駅停車劇場行き,False,主題歌,1,銀河系まで飛んで行け！,キャンディーズ,,,,,,,
-1736602,2026春アニメ,青春ブタ野郎はゆめみる少女の夢を見ない リバイバル上映,True,主題歌,1,不可思議のカルテ movie ver.,桜島麻衣（瀬戸麻沙美）、古賀朋絵（東山奈央）、双葉理央（種_敦美）、豊浜のどか（内田真礼）、梓川かえで（久保ユリカ）、牧之原翔子（水瀬いのり）,,,,,,,
-1370460,2026春アニメ,魔女の宅急便 IMAX劇場上映,False,主題歌,1,ルージュの伝言,荒井由実,,,,,,,
-1370460,2026春アニメ,魔女の宅急便 IMAX劇場上映,False,主題歌,2,やさしさに包まれたなら,荒井由実,,,,,,,
-1777573,2026春アニメ,それいけ！アンパンマン パンタンと約束の星,False,主題歌,1,アンパンマンのマーチ,,,,,,,,
-1394182,2026春アニメ,新劇場版☆ケロロ軍曹 復活して速攻地球滅亡の危機であります！,False,主題歌,1,貸しっぱなしデスティニー,ano,https://www.youtube.com/watch?v=y0URm3qCTpc,1688947,ano official channel,https://www.youtube.com/watch?v=x4s85sfhdiA,804810,【公式】ケロロチャンネル,2026-10-03T09:26:30
-1394182,2026春アニメ,新劇場版☆ケロロ軍曹 復活して速攻地球滅亡の危機であります！,False,OP,1,また帰ってきたケロッ！とマーチ,ano ＆ 粗品,https://www.youtube.com/watch?v=y0URm3qCTpc,1688947,ano official channel,https://www.youtube.com/watch?v=x4s85sfhdiA,804810,【公式】ケロロチャンネル,2026-10-03T09:26:40
-1503974,2026夏アニメ,時をかける少女 4Kリバイバル上映,True,主題歌,1,ガーネット,奥華子,,,,,,,
-1670969,2026夏アニメ,君と花火と約束と,False,主題歌,1,消えない花火,timelesz,https://www.youtube.com/watch?v=TY8BNUB43Y8,400165,SHOCHIKU anime Channel,https://www.youtube.com/watch?v=TY8BNUB43Y8,400165,SHOCHIKU anime Channel,2026-10-03T09:26:49
-1892984,2026夏アニメ,パウ・パトロール ザ・ダイノ・ムービー,False,主題歌,1,Bottle Up,バックストリート・ボーイズ,,,,,,,
-1549487,2026夏アニメ,映画ちいかわ 人魚の島のひみつ,False,OP,1,くつずれ,ハチワレ（CV：田中誠人）,https://www.youtube.com/watch?v=Tz7hdJ5wsyY,3052428,東宝MOVIEチャンネル,https://www.youtube.com/watch?v=Tz7hdJ5wsyY,3052428,東宝MOVIEチャンネル,2026-10-03T09:27:08
-1549487,2026夏アニメ,映画ちいかわ 人魚の島のひみつ,False,ED,1,机さする,青木遥,,,,,,,
-1487276,2026夏アニメ,映画クレヨンしんちゃん 奇々怪々！オラの妖怪バケ～ション,False,主題歌,1,大人になったら,TOMOO,https://www.youtube.com/watch?v=aifiE43kcZ8,1815678,TOMOO,,,,2026-10-03T09:27:33
-1056491,2026夏アニメ,パプリカ 4Kリマスター版,True,主題歌,1,白虎野の娘,平沢進,,,,,,,
-1875296,2026夏アニメ,劇場版 メイドインアビス 深き魂の黎明 リバイバル上映,True,主題歌,1,Forever Lost,MYTH & ROID,,,,,,,
-1896165,2026夏アニメ,THE RIBBON HERO リボンヒーロー,False,主題歌,1,Reborn,Girls Archives.,https://www.youtube.com/watch?v=eGvkTbdNNLM,1072033,Girls Archives.,,,,2026-10-03T09:27:55
-1604159,2027冬アニメ,機動警察パトレイバー EZY File 2,False,OP,1,黎明Compass,Mori Calliope,https://www.youtube.com/watch?v=usdfDwEdp2Q,228874,Mori Calliope Ch. hololive,,,,2026-10-03T09:28:09
-1604159,2027冬アニメ,機動警察パトレイバー EZY File 2,False,ED,1,バトン,永井真理子,,,,,,,
-1526864,2026夏アニメ,しらぬひ,False,主題歌,1,しらぬひ,青葉市子,,,,,,,
-1556970,2026夏アニメ,劇場版 魔法少女まどか☆マギカ〈ワルプルギスの廻天〉,False,主題歌,1,彼方,FictionJunction,https://www.youtube.com/watch?v=Oo-QA_oqKUA,852510,FictionJunction Official YouTube Channel,,,,2026-10-07T09:13:22
-1056466,2026夏アニメ,カーズ 公開20周年記念上映,True,主題歌,1,Real Gone,Sheryl Crow,,,,,,,
-1325473,2026夏アニメ,獣兵衛忍風帖 リバイバル上映,True,主題歌,1,誰もが遠くでバラードを聴いている,山梨鐐平,,,,,,,
-1414269,2026夏アニメ,映画「宇宙なんちゃら こてつくん」うっかり出てきた宇宙人を探せ！,False,主題歌,1,うちゅーのなんちゃら仲間,中川翔子,https://www.youtube.com/watch?v=V0u41dBKwHQ,20885,KADOKAWAanime,https://www.youtube.com/watch?v=V0u41dBKwHQ,20885,KADOKAWAanime,2026-10-10T09:11:12
-1785662,2026夏アニメ,最終楽章 響け！ユーフォニアム 後編,False,主題歌,1,ToCoda,TRUE,https://www.youtube.com/watch?v=XhkqTdupSKs,419886,KyoaniChannel,https://www.youtube.com/watch?v=1ns78jyf0fw,1540046,KyoaniChannel,2026-10-03T09:28:52
-1779048,2026夏アニメ,映画名探偵プリキュア！不思議な庭と2人の秘密,False,ED,1,FIRST PRISM,増井優花＆吉武千颯,,,,,,,
-1354167,2026夏アニメ,縁の手紙,False,主題歌,1,Your Letter – Japanese Ver.,矢吹奈子,https://www.youtube.com/watch?v=fqMzuUA_Gvc,4393,矢吹奈子 - Topic,,,,2026-10-03T09:29:24
-1018842,2026夏アニメ,我々は宇宙人,False,主題歌,1,ささくれ,adieu（上白石萌歌）,,,,,,,
