season_id,season_label,order,title,is_rerun,broadcast_format,broadcast_start,animation_studio,op_title,op_artist,ed_title,ed_artist,detail_url
5947,2026秋アニメ,1,アイカツ！ アンコール放送,False,TVアニメ,2012年10月8日（月）〜2013年9月26日（木） テレビ東京ほか 【アンコール放送】 2026年10月9日（金）～ テレビ東京ほか,,Signalize!,わか・ふうり・すなお・りすこ from STAR☆ANIS,カレンダーガール,わか・ふうり・すなお from STAR☆ANIS,https://www.animatetimes.com/tag/details.php?id=3012
5947,2026秋アニメ,2,アオアシ Season2,False,TVアニメ,2026年10月4日（日）～ NHK Eテレにて,トムス・エンタテインメント,,,,,https://www.animatetimes.com/tag/details.php?id=25889
5947,2026秋アニメ,3,アオのハコ Season2,False,TVアニメ,2026年10月4日（日）～ TBS系にて,エレクトリックサーカス,あなたの花の色,aiko,blue in,エルスウェア紀行,https://www.animatetimes.com/tag/details.php?id=25746
5947,2026秋アニメ,4,FX戦士くるみちゃん,False,TVアニメ,2026年10月1日（木）～ TOKYO MX・BS11ほか,パッショーネ,FX戦士くるみちゃん,福賀くるみ（CV：鈴木愛奈）,$・¥・€ （ドル・エン・ユーロ）,福賀くるみ（CV：鈴木愛奈）,https://www.animatetimes.com/tag/details.php?id=27441
5947,2026秋アニメ,5,おじさんはカワイイものがお好き。,False,TVアニメ,2026年10月4日（日）～ TOKYO MX・BS朝日ほか,ライデンフィルム,,,,,https://www.animatetimes.com/tag/details.php?id=27078
5947,2026秋アニメ,6,カードファイト!! ヴァンガード Divinez 運命星戦編,False,TVアニメ,2026年11月7日（土）～2026年11月21日（土） テレビ愛知・テレ東系列6局ネットほか 【劇場先行】 2026年10月2日（金）,キネマシトラス,,,,,https://www.animatetimes.com/tag/details.php?id=28214
5947,2026秋アニメ,7,ガールズ＆パンツァー もっとらぶらぶ作戦です！,False,TVアニメ,2026年10月8日（木）～ TOKYO MX・BS日テレほか,P.A.WORKS,,,,,https://www.animatetimes.com/tag/details.php?id=25683
5947,2026秋アニメ,8,貸した魔力は【リボ払い】で強制徴収,False,TVアニメ,2026年10月3日（土）～ テレビ朝日系ほか,SynergySP,,,,,https://www.animatetimes.com/tag/details.php?id=27102
5947,2026秋アニメ,9,彼方から,False,TVアニメ,2026年10⽉4⽇（⽇）～ TOKYO MXほか,スタジオディーン,,,,,https://www.animatetimes.com/tag/details.php?id=27963
5947,2026秋アニメ,10,彼女の友達,False,TVアニメ,2026年10月～,Quad,,,,,https://www.animatetimes.com/tag/details.php?id=28903
5947,2026秋アニメ,11,仮面ライダーマイス,False,特撮,2026年9月6日（日）〜 テレビ朝日系列にて,,,,,,https://www.animatetimes.com/tag/details.php?id=28713
5947,2026秋アニメ,12,帰還者の魔法は特別です 第2期,False,TVアニメ,2026年10月〜 フジテレビ「＋Ultra」ほか,アルボアニメーション,Sorrow,FLOW,Everlasting,krage,https://www.animatetimes.com/tag/details.php?id=23327
5947,2026秋アニメ,13,傷だらけ聖女より報復をこめて Season2,False,TVアニメ,2026年10月1日（木）〜 テレビ神奈川ほか,Imagica Infos,,,,,https://www.animatetimes.com/tag/details.php?id=25118
5947,2026秋アニメ,14,恐怖コレクター,False,TVアニメ,2026年10月～ NHK総合にて,,,,,,https://www.animatetimes.com/tag/details.php?id=27214
5947,2026秋アニメ,15,凶乱令嬢ニア・リストン 病弱令嬢に転生した神殺しの武人の華麗なる無双録,False,TVアニメ,2026年10月6日（火）～ TOKYO MX・ＢＳ日テレほか,KONAMI animation,リスポーン!!,角巻わため,,,https://www.animatetimes.com/tag/details.php?id=27537
5947,2026秋アニメ,16,薬屋のひとりごと 第3期,False,TVアニメ,第1クール：2026年10月2日（金）～ 第2クール：2027年4月～ 日本テレビ系にて,OLM,雲を抜け風下へ私だけ,ヨルシカ,,,https://www.animatetimes.com/tag/details.php?id=26369
5947,2026秋アニメ,17,ケロロ軍曹☆,False,TVアニメ,2026年秋,,,,,,https://www.animatetimes.com/tag/details.php?id=27337
5947,2026秋アニメ,18,幻想水滸伝,False,TVアニメ,2026年10月～ TOKYO MX・関西テレビほか,,悲しみさえ大人びて,amazarashi,,,https://www.animatetimes.com/tag/details.php?id=25616
5947,2026秋アニメ,19,ごーすと・みーつ・ぎゃる！,False,TVアニメ,2026年9月5日（土）～ テレビ愛知・テレ東系列6局ネットほか,AtoriE,,,,,https://www.animatetimes.com/tag/details.php?id=28854
5947,2026秋アニメ,20,氷の城壁 第2期,False,TVアニメ,2026年10月1日（木）～ TBS系28局にて,スタジオKAI,,,,,https://www.animatetimes.com/tag/details.php?id=25508
5947,2026秋アニメ,21,サイバーパンク：エッジランナーズ2,False,配信,2026年10月20日（火）～ Netflixにて,TRIGGER,,,,,https://www.animatetimes.com/tag/details.php?id=28680
5947,2026秋アニメ,22,PSYREN -サイレン-,False,TVアニメ,2026年10月～ TOKYO MX・BS11ほか,サテライト,,,,,https://www.animatetimes.com/tag/details.php?id=27257
5947,2026秋アニメ,23,佐々木とピーちゃん シーズン２,False,TVアニメ,2026年10月～,SILVER LINK.,,,,,https://www.animatetimes.com/tag/details.php?id=23804
5947,2026秋アニメ,24,塩対応の佐藤さんが俺にだけ甘い,False,TVアニメ,2026年10月～,,,,,,https://www.animatetimes.com/tag/details.php?id=27964
5947,2026秋アニメ,25,紫禁・御猫房～紫禁城猫警備室～,False,TVアニメ,2026年10月10日（土）〜 TOKYO MXにて,,,,,,https://www.animatetimes.com/tag/details.php?id=28779
5947,2026秋アニメ,26,死亡遊戯で飯を食う。44:CLOUDY BEACH 地上波放送,False,劇場版アニメ,2026年7月10日（金） 【地上波放送】 2026年9月25日（金） ABCテレビ・TOKYO MXほか,スタジオディーン,,,,,https://www.animatetimes.com/tag/details.php?id=28026
5947,2026秋アニメ,27,ジャンケットバンク,False,TVアニメ,2026年10月5日（月）～ テレ東系列にて,CUE,,,,,https://www.animatetimes.com/tag/details.php?id=27908
5947,2026秋アニメ,28,朱色の仮面,False,TVアニメ,2026年10月～ 読売テレビ・日本テレビ系全国ネットにて,,,,,,https://www.animatetimes.com/tag/details.php?id=26362
5947,2026秋アニメ,29,獣王武神ダンデヴァイン,False,TVアニメ,2026年10月7日（水）～ TOKYO MX・BS11ほか,ライデンフィルム,曲名未発表,西川貴教,,,https://www.animatetimes.com/tag/details.php?id=28479
5947,2026秋アニメ,30,しろたん,False,TVアニメ,2026年10月3日（土）～ テレビ朝日にて,レスプリ,,,,,https://www.animatetimes.com/tag/details.php?id=27989
5947,2026秋アニメ,31,信者ゼロの女神サマと始める異世界攻略,False,TVアニメ,2026年10月～,HORNETS,,,,,https://www.animatetimes.com/tag/details.php?id=27418
5947,2026秋アニメ,32,新テニスの王子様 U-17 WORLD CUP 決勝メンバー決定戦,False,TVアニメ,2026年9月30日（水）～ テレ東系列ほか,M.S.C,Walls And Bridges,青酢（越前リョーマ、⼿塚国光、⼤⽯秀⼀郎、不⼆周助）,金環蝕 phenomenal,跡部景吾＆忍足侑士,https://www.animatetimes.com/tag/details.php?id=26829
5947,2026秋アニメ,33,スティール・ボール・ラン ジョジョの奇妙な冒険 2nd & 3rd STAGE,False,配信,1st STAGE：2026年3月19日（木）～ 2nd&3rd STAGE：2026年9月25日（金）～ Netflixにて,david production,,,,,https://www.animatetimes.com/tag/details.php?id=25812
5947,2026秋アニメ,34,生徒会にも穴はある！,False,TVアニメ,2026年10月3日（土）～ TOKYO MX・BS11ほか,,風の中は走るっきゃないっ！,三月のパンタシア,,,https://www.animatetimes.com/tag/details.php?id=25874
5947,2026秋アニメ,35,世界最強の魔女、始めました,False,TVアニメ,2026年10月7日（水）～ TOKYO MX・BS11ほか,ブリッジ,影響力∞アイドル,HoneyWorks feat.ハコニワリリィ,星を巡る,ロクデナシ,https://www.animatetimes.com/tag/details.php?id=28288
5947,2026秋アニメ,36,#ゾンビさがしてます,False,TVアニメ,2026年10月〜 テレビ朝日系にて,,,,,,https://www.animatetimes.com/tag/details.php?id=26825
5947,2026秋アニメ,37,ダークサモナーとデキている,False,TVアニメ,2026年10月～,AtoriE,,,,,https://www.animatetimes.com/tag/details.php?id=28904
5947,2026秋アニメ,38,DARK MACHINE THE ANIMATION,False,TVアニメ,2026年10月～ BSフジ・フジテレビほか,Production +h.,存在理由 改,BUCK∞TICK,,,https://www.animatetimes.com/tag/details.php?id=27123
5947,2026秋アニメ,39,ダイヤのA actⅡ -Second Season- 第2クール,False,TVアニメ,第1クール：2026年4月5日（日）～2026年6月28日（日） 第2クール：2026年10月～ テレビ東京ほか,OLM,Let's Go Crazy,Baby Canta,NUMBER,SUPER★DRAGON,https://www.animatetimes.com/tag/details.php?id=24072
5947,2026秋アニメ,40,タヌキとキツネ,False,TVアニメ,2026年10月4日（日）～ テレ東系にて,アカツキメディアスタジオ,,,,,https://www.animatetimes.com/tag/details.php?id=6380
5947,2026秋アニメ,41,TANK CHAIR-戦車椅子-,False,TVアニメ,2026年10月4日（日）～ TOKYO MX・BS11ほか,ポリゴン・ピクチュアズ,DALALA,SiM,SYNC,Daoko,https://www.animatetimes.com/tag/details.php?id=27965
5947,2026秋アニメ,42,探偵はもう、死んでいる。Season2,False,TVアニメ,2026年10月〜,ENGI,この心臓に花束を,心梅,白昼夢,カグラナナ,https://www.animatetimes.com/tag/details.php?id=16348
5947,2026秋アニメ,43,千歳くんはラムネ瓶のなか 第2クール,False,TVアニメ,第1クール：2025年10月7日（火）～ 2025年12月30日（火） AT-X・TOKYO MXほか 第2クール：2026年10月〜,feel.,ライアー,Kucci,陽炎,サイダーガール,https://www.animatetimes.com/tag/details.php?id=25058
5947,2026秋アニメ,44,超巡！超条先輩,False,TVアニメ,2026年10月6日（火）〜 カンテレ・フジテレビ系全国ネットにて,アルボアニメーション,,,,,https://www.animatetimes.com/tag/details.php?id=26933
5947,2026秋アニメ,45,追放されたチート付与魔術師は気ままなセカンドライフを謳歌する。,False,TVアニメ,2026年10月～ テレ東系列にて,P.A.WORKS,,,,,https://www.animatetimes.com/tag/details.php?id=27631
5947,2026秋アニメ,46,てつりょー！meet with 鉄道むすめ,False,TVアニメ,2026年10月8日（木）～ TOKYO MX・BSフジほか,イーストフィッシュスタジオ,,,わたし未来線,てつりょー会（橘めい・庄子真央・福嶋晴菜・月城日花）,https://www.animatetimes.com/tag/details.php?id=26895
5947,2026秋アニメ,47,テムパル～アイテムの力～,False,TVアニメ,2026年10月2日（金）～ TOKYO MX・BS11にて,J.C.STAFF,SATISFY,Re:name,Ray of Emotion,導凰,https://www.animatetimes.com/tag/details.php?id=28478
5947,2026秋アニメ,48,デモンズ・クレスト,False,配信,2026年11月6日（金） Prime Videoにて,Production I.G,シンカ,Ado,,,https://www.animatetimes.com/tag/details.php?id=27189
5947,2026秋アニメ,49,Duel Masters LOST ～断罪の少年～,False,配信,2026年10月9日（金）〜 デュエル・マスターズ公式YouTubeチャンネルにて,J.C.STAFF,あやかしあやし,伊東歌詞太郎,朔日 feat. 吉乃,月詠み,https://www.animatetimes.com/tag/details.php?id=27820
5947,2026秋アニメ,50,転生貴族、鑑定スキルで成り上がる 第3期,False,TVアニメ,2026年秋 CBC/TBS系全国28局ネット「アガルアニメ」にて,studio MOTHER,,,,,https://www.animatetimes.com/tag/details.php?id=25385
5947,2026秋アニメ,51,転生ゴブリンだけど質問ある？,False,TVアニメ,2026年10月～,BAKKKA,,,,,https://www.animatetimes.com/tag/details.php?id=27909
5947,2026秋アニメ,52,転生した大聖女は、聖女であることをひた隠す,False,TVアニメ,2026年10月～,FelixFilm,Flare of Soul,花耶,STELLAR,ウタヒメドリーム オールスターズ,https://www.animatetimes.com/tag/details.php?id=25630
5947,2026秋アニメ,53,転生したら剣でしたII,False,TVアニメ,2026年10月7日（水）～ TOKYO MXほか,C2C,DREAM OF BUTTERFLY,FZMZ,バリバリBuddy,花冷え。,https://www.animatetimes.com/tag/details.php?id=19149
5947,2026秋アニメ,54,とある暗部の少女共棲,False,TVアニメ,2026年10月9日（金）～ TOKYO MXほか,J.C.STAFF,Ghost Sequence,East Of Eden,原子崩し(メルトダウナー),岸田教団&THE明星ロケッツ,https://www.animatetimes.com/tag/details.php?id=25552
5947,2026秋アニメ,55,東京リベンジャーズ 三天戦争編,False,TVアニメ,2026年10月2日（金）～ MBS・TBS・CBC”アニメイズム”枠ほか,ライデンフィルム,IGNITE,JO1,トリックスター,go!go!vanillas,https://www.animatetimes.com/tag/details.php?id=24207
5947,2026秋アニメ,56,桃源暗鬼 ～日光・華厳の滝編～,False,TVアニメ,2026年10月～ 日本テレビ系「FRIDAY ANIME NIGHT（フラアニ）」枠にて,スタジオ雲雀,,,,,https://www.animatetimes.com/tag/details.php?id=27376
5947,2026秋アニメ,57,どうも、好きな人に惚れ薬を依頼された魔女です。,False,TVアニメ,2026年10月～,ディオメディア,,,,,https://www.animatetimes.com/tag/details.php?id=27581
5947,2026秋アニメ,58,ドラゴンボール超 ビルス,False,TVアニメ,2026年秋 フジテレビにて,,,,,,https://www.animatetimes.com/tag/details.php?id=27491
5947,2026秋アニメ,59,dreamland,False,TVアニメ,2026年10月17日（土）～ ABCテレビ・テレビ朝日ほか,,,,,,https://www.animatetimes.com/tag/details.php?id=28811
5947,2026秋アニメ,60,鳴海の平日,False,配信,2026年9月5日（土）～ YouTube「TOHO animation」チャンネルほか,Production I.G,,,,,https://www.animatetimes.com/tag/details.php?id=28465
5947,2026秋アニメ,61,ねずみくんのチョッキ 2期,False,TVアニメ,2026年10月3日（土）～ NHK Eテレにて,,,,,,https://www.animatetimes.com/tag/details.php?id=26728
5947,2026秋アニメ,62,バーテックスフォース,False,TVアニメ,2026年10月3日（土）～ TOKYO MX・BS11ほか,SMDE,,,,,https://www.animatetimes.com/tag/details.php?id=27988
5947,2026秋アニメ,63,Bass X Machina: バス X マキナ,False,配信,2026年11月3日（火）～ Netflixにて,,,,,,https://www.animatetimes.com/tag/details.php?id=28983
5947,2026秋アニメ,64,Battle Spirits [Re] 絶界の空,False,TVアニメ,2026年10月6日（火）～ TOKYO MXほか,,,,,,https://www.animatetimes.com/tag/details.php?id=27954
5947,2026秋アニメ,65,パンどろぼう,False,TVアニメ,2026年10月〜 NHK Eテレにて,,パンどろぼうのうた,パンどろぼうとパンやのおじさん（CV：朝井彩加とCV：諏訪部順一）,,,https://www.animatetimes.com/tag/details.php?id=26163
5947,2026秋アニメ,66,人付き合いが苦手な未亡人の雪女さんと呪いの指輪,False,TVアニメ,2026年10月～,studio HōKIBOSHI,,,,,https://www.animatetimes.com/tag/details.php?id=28885
5947,2026秋アニメ,67,百妖譜 京師篇,False,TVアニメ,2026年10月7日（水）〜 フジテレビ「B8station」にて,,,,,,https://www.animatetimes.com/tag/details.php?id=27781
5947,2026秋アニメ,68,冰剣の魔術師が世界を統べるⅡ,False,TVアニメ,2026年10月8日（木）～ TBS・BS11にて,ゼロジー,Diamond Dust,Sizuk,COMPRESSION :[,内田真礼,https://www.animatetimes.com/tag/details.php?id=28403
5947,2026秋アニメ,69,フールナイト,False,配信,2026年11月26日（木）～ Netflixにて,サンライズ,,,,,https://www.animatetimes.com/tag/details.php?id=28621
5947,2026秋アニメ,70,ぷにるんず ぷに４,False,TVアニメ,2026年10月4日（日）～ テレ東系列6局ネットにて,,,,,,https://www.animatetimes.com/tag/details.php?id=28028
5947,2026秋アニメ,71,ブラッククローバー 2nd Season,False,TVアニメ,2026年10月～ テレ東系列ほか,スタジオぴえろ,消えない理由,WANIMA,,,https://www.animatetimes.com/tag/details.php?id=26361
5947,2026秋アニメ,72,僕らが選んだベストアドベンチャー,False,TVアニメ,2026年10月4日（日）～ フジテレビほか,,,,,,https://www.animatetimes.com/tag/details.php?id=16416
5947,2026秋アニメ,73,ホタルの嫁入り,False,TVアニメ,2026年10月9日（金）～ 全国フジテレビ系“ ノイタミナ ”にて,david production,,,夢心地,TOOBOE,https://www.animatetimes.com/tag/details.php?id=27415
5947,2026秋アニメ,74,ポップパップポルターズ,False,TVアニメ,2026年10月4日（日）～ テレビ朝日「PicoAniTime」にて,MOZU STUDIOS,,,,,https://www.animatetimes.com/tag/details.php?id=27823
5947,2026秋アニメ,75,ホテル・インヒューマンズ 第2期,False,TVアニメ,2026年10月～ テレ東系列ほか,ブリッジ,,,,,https://www.animatetimes.com/tag/details.php?id=26870
5947,2026秋アニメ,76,マウスカーソルで現実を操作できるようになったので、女の子をいっぱいクリックしまーす,False,TVアニメ,2026年10月4日（日）～ TOKYO MX・BS11にて,studio HōKIBOSHI,,,,,https://www.animatetimes.com/tag/details.php?id=29016
5947,2026秋アニメ,77,マジカル★エクスプローラー,False,TVアニメ,2026年10月3日（土）～ TOKYO MX・BS11ほか,WHITE FOX,Remedy,ASCA,Double Wings,ASCA,https://www.animatetimes.com/tag/details.php?id=23375
5947,2026秋アニメ,78,魔法騎士レイアース,False,TVアニメ,2026年10月7日（水）～ テレビ朝日系列にて,E&H production,,,,,https://www.animatetimes.com/tag/details.php?id=24301
5947,2026秋アニメ,79,魔法少女育成計画restart,False,TVアニメ,2026年10月5日（月）～ テレ東・AT-X ほか,SynergySP,No tears here,茅原実里,ReMind,Daisy×Daisy,https://www.animatetimes.com/tag/details.php?id=26693
5947,2026秋アニメ,80,魔法の姉妹ルルットリリィ 第2クール,False,TVアニメ,第1クール：2026年4月5日（日）～2026年6月21日（日） 第2クール：2026年10月～ TOKYO MX・ABCテレビほか,スタジオぴえろ,Bubee,ILLIT,Calling,ルルットリリィ（こんぺとリリィ（CV.橘めい）、ましゅールル（CV.小鹿なお））,https://www.animatetimes.com/tag/details.php?id=24293
5947,2026秋アニメ,81,マロニエ王国の七人の騎士,False,TVアニメ,2026年10月3日（土）～ NHK Eテレにて,J.C.STAFF,,,,,https://www.animatetimes.com/tag/details.php?id=28456
5947,2026秋アニメ,82,目覚めたら最強装備と宇宙船持ちだったので、一戸建て目指して傭兵として自由に生きたい,False,TVアニメ,2026年10月〜 TOKYO MX・読売テレビ・中京テレビほか,studio A-CAT,UNSTOPPABLE,FLOW,MY WAY,ASTERISM,https://www.animatetimes.com/tag/details.php?id=25525
5947,2026秋アニメ,83,メダリスト,True,TVアニメ,2025年1月4日（土）～2025年3月29日（土） テレビ朝日系にて 【再放送】 2026年10月1日（木）〜 TOKYO MXにて,ENGI,BOW AND ARROW,米津玄師,アタシのドレス,ねぐせ。,https://www.animatetimes.com/tag/details.php?id=21115
5947,2026秋アニメ,84,野生のラスボスが現れた！ 第2期,False,TVアニメ,2026年10月〜 TOKYO MXほか,ワオワールド,Melodic Impact,Suspended 4th,,,https://www.animatetimes.com/tag/details.php?id=27288
5947,2026秋アニメ,85,ゆうさんち！from 遊ハち,False,TVアニメ,2026年10月～ フジテレビ・カンテレにて,ファンワークス,,,,,https://www.animatetimes.com/tag/details.php?id=28884
5947,2026秋アニメ,86,ゆるゆる図鑑,False,TVアニメ,2026年10月4日（日）～ テレ東系列6局ネット「アニもり！」内にて,Imagica Infos,,,,,https://www.animatetimes.com/tag/details.php?id=28579
5947,2026秋アニメ,87,夜桜さんちの大作戦 第2期 第2クール,False,TVアニメ,第1クール：2026年4月12日（日）～2026年6月28日（日） 第2クール：2026年10月〜 MBS／TBS系全国28局ネットにて,SILVER LINK.,"What's ""KAZOKU""",櫻坂46,Shalala,ピラフ星人,https://www.animatetimes.com/tag/details.php?id=25032
5947,2026秋アニメ,88,弱気MAX令嬢なのに、辣腕婚約者様の賭けに乗ってしまった,False,TVアニメ,2026年10月～,寿門堂,,,,,https://www.animatetimes.com/tag/details.php?id=26947
5947,2026秋アニメ,89,楽楽飯店,False,配信,2026年9月下旬 公式YouTubeチャンネルにて,,,,,,https://www.animatetimes.com/tag/details.php?id=28945
5947,2026秋アニメ,90,ラブライブ！虹ヶ咲学園スクールアイドル同好会 第2期,True,TVアニメ,2022年4月2日（土）～2022年6月25日（土） TOKYO MXほか 【再放送】 2026年9月30日（水）〜 BS日テレにて,サンライズ,,,,,https://www.animatetimes.com/tag/details.php?id=14120
5947,2026秋アニメ,91,らんま1/2 第3期,False,TVアニメ,2026年10月3日（土）～ 日本テレビにて,,,,,,https://www.animatetimes.com/tag/details.php?id=28013
5947,2026秋アニメ,92,LEGO® ONE PIECE,False,配信,2026年9月29日（火） Netflixにて,,,,,,https://www.animatetimes.com/tag/details.php?id=28168
5947,2026秋アニメ,93,ロメリア戦記,False,TVアニメ,2026年10月〜 TOKYO MXほか,Atra,,,,,https://www.animatetimes.com/tag/details.php?id=27077
5947,2026秋アニメ,94,わたしの幸せな結婚 特別篇,False,TVアニメ,2026年10月25日（日）～ TOKYO MXほかにて,キネマシトラス,,,プレリュードの手前に ～for me&you～,伊東歌詞太郎,https://www.animatetimes.com/tag/details.php?id=25803
6212,2027冬アニメ,1,あかね噺 第2期,False,TVアニメ,2027年1月～ テレビ朝日系全国24局ネット“IMAnimation”枠・BS朝日ほか,,,,,,https://www.animatetimes.com/tag/details.php?id=28590
6212,2027冬アニメ,2,アルカナディア,False,TVアニメ,2027年1月〜 テレビ朝日系ほか,横浜アニメーションラボ,,,,,https://www.animatetimes.com/tag/details.php?id=25380
6212,2027冬アニメ,3,異世界転生騒動記,False,TVアニメ,2027年1月〜,,,,,,https://www.animatetimes.com/tag/details.php?id=27924
6212,2027冬アニメ,4,一式さんは恋を知りたい。,False,TVアニメ,2027年1月～,作楽クリエイト,,,,,https://www.animatetimes.com/tag/details.php?id=26981
6212,2027冬アニメ,5,えぶりでいホスト 続編,False,TVアニメ,2027年1月〜,,,,,,https://www.animatetimes.com/tag/details.php?id=27178
6212,2027冬アニメ,6,欠けた月のメルセデス～吸血鬼の貴族に転生したけど捨てられそうなのでダンジョンを制覇する～,False,TVアニメ,2027年1月～,テディ―,,,,,https://www.animatetimes.com/tag/details.php?id=28808
6212,2027冬アニメ,7,風を継ぐもの,False,TVアニメ,2027年1月～ CBC/TBS系全国28局ネットにて 【劇場先行上映】 2026年,Live2D Creative Studio×,,,,,https://www.animatetimes.com/tag/details.php?id=26790
6212,2027冬アニメ,8,ガチャを回して仲間を増やす 最強の美少女軍団を作り上げろ,False,TVアニメ,2027年1月～,ゼロジー,,,,,https://www.animatetimes.com/tag/details.php?id=28643
6212,2027冬アニメ,9,カリスマ,False,TVアニメ,2027年1月～ TBS系にて,PIERROT FILMS（,,,,,https://www.animatetimes.com/tag/details.php?id=27177
6212,2027冬アニメ,10,傷口と包帯,False,TVアニメ,2027年1月～ ABCテレビ・テレビ朝日系全国ネットANiMAZiNG!!!にて,J.C.STAFF,,,,,https://www.animatetimes.com/tag/details.php?id=28777
6212,2027冬アニメ,11,気になってる人が男じゃなかった,False,TVアニメ,2027年1月～,,Breed,Nirvana,,,https://www.animatetimes.com/tag/details.php?id=25569
6212,2027冬アニメ,12,黒岩メダカに私の可愛いが通じない Season2,False,TVアニメ,2027年1月～,SynergySP,,,,,https://www.animatetimes.com/tag/details.php?id=28331
6212,2027冬アニメ,13,ゲーム世界転生〈ダン活〉～ゲーマーは【ダンジョン就活のススメ】を〈はじめから〉プレイする～,False,TVアニメ,2027年1月～,STUDIO MASSKET,,,,,https://www.animatetimes.com/tag/details.php?id=27910
6212,2027冬アニメ,14,結界師の一輪華,False,TVアニメ,2027年1月～,TROYCA,,,,,https://www.animatetimes.com/tag/details.php?id=26630
6212,2027冬アニメ,15,ゴールデンカムイ 最終章「暴走列車編」,False,TVアニメ,2027年冬,,,,,,https://www.animatetimes.com/tag/details.php?id=21895
6212,2027冬アニメ,16,こまどり モフモフパレード,False,,2027年1月～ テレ東系列6局ネットにて,ドワーフスタジオ,,,,,https://www.animatetimes.com/tag/details.php?id=27414
6212,2027冬アニメ,17,SAKAMOTO DAYS 第2期,False,TVアニメ,2027年1月～,トムス・エンタテインメント,,,,,https://www.animatetimes.com/tag/details.php?id=27287
6212,2027冬アニメ,18,雑用付与術師が自分の最強に気付くまで,False,TVアニメ,2027年1月〜 TOKYO MX ほか,J.C.STAFF,,,,,https://www.animatetimes.com/tag/details.php?id=27970
6212,2027冬アニメ,19,THE ONE PIECE,False,配信,2027年2月～ Netflixにて,WIT STUDIO,,,,,https://www.animatetimes.com/tag/details.php?id=23247
6212,2027冬アニメ,20,シャングリラ・フロンティア 3rd season,False,TVアニメ,2027年1月〜 MBS／TBS系全国28局ネットほか,C2C,,,,,https://www.animatetimes.com/tag/details.php?id=25755
6212,2027冬アニメ,21,じょせまる,False,TVアニメ,2027年1月～ テレビ朝日「PicoAniTime」枠にて,株式会社フローエンタテイメント,,,,,https://www.animatetimes.com/tag/details.php?id=28562
6212,2027冬アニメ,22,地雷なんですか？地原さん,False,TVアニメ,2027年1月～ MBS・TBSほか,SynergySP,,,,,https://www.animatetimes.com/tag/details.php?id=27363
6212,2027冬アニメ,23,すだちの魔王城,False,TVアニメ,2027年1月～,project No.9,,,,,https://www.animatetimes.com/tag/details.php?id=28645
6212,2027冬アニメ,24,ゾンビのあふれた世界で俺だけが襲われない,False,TVアニメ,2027年1月～ AT-Xにて,Acca effe×フロンティアエンジン,,,,,https://www.animatetimes.com/tag/details.php?id=23537
6212,2027冬アニメ,25,ディズニー ツイステッドワンダーランド ザ アニメーション ～エピソード オブ サバナクロー～,False,配信,2026年12月～,,,,,,https://www.animatetimes.com/tag/details.php?id=25212
6212,2027冬アニメ,26,BanG Dream! It's MyGO!!!!!／Ave Mujica（続編）,False,TVアニメ,2027年1月～ 日本テレビ系全国30局ネットにて,,,,,,https://www.animatetimes.com/tag/details.php?id=25765
6212,2027冬アニメ,27,ヒストリエ,False,TVアニメ,2027年1月～,ライデンフィルム,,,,,https://www.animatetimes.com/tag/details.php?id=27368
6212,2027冬アニメ,28,姫騎士様のヒモ,False,TVアニメ,2027年1月～,BLADE,,,,,https://www.animatetimes.com/tag/details.php?id=25551
6212,2027冬アニメ,29,ひらやすみ,False,TVアニメ,2027年1月～ NHK総合テレビ,Production +h.,,,,,https://www.animatetimes.com/tag/details.php?id=26471
6212,2027冬アニメ,30,BLUE EYE SAMURAI/ブルーアイ・サムライ,False,配信,シーズン1：2023年11月3日（金）～ シーズン2：2027年1月～ シーズン3：未発表 Netflixにて,,,,,,https://www.animatetimes.com/tag/details.php?id=28984
6212,2027冬アニメ,31,ペンと手錠と事実婚,False,TVアニメ,2027年1月〜,EMTスクエアード,,,,,https://www.animatetimes.com/tag/details.php?id=28250
6212,2027冬アニメ,32,魔入りました！入間くん if Episode of 魔フィア,False,TVアニメ,2027年1月～ NHK総合にて,,,,,,https://www.animatetimes.com/tag/details.php?id=27609
6212,2027冬アニメ,33,マッシュル-MASHLE- 三魔対争神覚者最終試験編,False,TVアニメ,2027年1月～,,,,,,https://www.animatetimes.com/tag/details.php?id=24109
6212,2027冬アニメ,34,茉莉花官吏伝,False,TVアニメ,2027年1月〜 TOKYO MXほか,MAHO FILM,花噺,KANA-BOON,,,https://www.animatetimes.com/tag/details.php?id=26896
6212,2027冬アニメ,35,マリッジトキシン 第2期,False,TVアニメ,2027年1月～,ボンズ,,,,,https://www.animatetimes.com/tag/details.php?id=28681
6212,2027冬アニメ,36,MURCIÉLAGO-ムルシエラゴ-,False,TVアニメ,2027年1月〜,サテライト,,,,,https://www.animatetimes.com/tag/details.php?id=28714
6212,2027冬アニメ,37,モモモ！ニニモ,False,TVアニメ,2027年1月～ テレビ朝日「PicoAniTime」枠にて,,,,,,https://www.animatetimes.com/tag/details.php?id=28563
6212,2027冬アニメ,38,悠久の愚者アズリーの、賢者のすゝめ,False,TVアニメ,2027年1月～,スタジオエル,,,,,https://www.animatetimes.com/tag/details.php?id=27618
6212,2027冬アニメ,39,ラーメン赤猫 其の二,False,TVアニメ,2027年1月～,E&H production,,,,,https://www.animatetimes.com/tag/details.php?id=25390
6212,2027冬アニメ,40,業物語 かれんオウガ,False,TVアニメ,2026年冬,シャフト,,,,,https://www.animatetimes.com/tag/details.php?id=26354
